[0m16:31:37.059146 [debug] [MainThread]: Sending event: {'category': 'dbt', 'action': 'invocation', 'label': 'start', 'context': [<snowplow_tracker.self_describing_json.SelfDescribingJson object at 0x10a940d10>, <snowplow_tracker.self_describing_json.SelfDescribingJson object at 0x10ef845c0>, <snowplow_tracker.self_describing_json.SelfDescribingJson object at 0x10effc980>]}


============================== 16:31:37.061273 | eb400393-e1f7-46c8-a9a4-caff5bbdd4c2 ==============================
[0m16:31:37.061273 [info ] [MainThread]: Running with dbt=1.12.3
[0m16:31:37.061538 [debug] [MainThread]: running dbt with arguments {'warn_error': 'None', 'fail_fast': 'False', 'version_check': 'True', 'log_cache_events': 'False', 'warn_error_options': 'WarnErrorOptionsV2(error=[], warn=[], silence=[])', 'maximum_seed_size_mib': '1', 'log_format': 'default', 'introspect': 'True', 'static_parser': 'True', 'write_json': 'True', 'quiet': 'False', 'use_colors': 'True', 'send_anonymous_usage_stats': 'True', 'cache_selected_only': 'False', 'printer_width': '80', 'partial_parse': 'True', 'log_path': '/Users/uramasaharu/Documents/develop/gachi_dataengineer_pj/04_logistics_ver2/logistics_simulator/logs', 'indirect_selection': 'eager', 'empty': 'None', 'target_path': 'None', 'hints_enabled': 'True', 'no_print': 'None', 'invocation_command': 'dbt debug', 'debug': 'False', 'profiles_dir': '/Users/uramasaharu/.dbt', 'use_experimental_parser': 'False'}
[0m16:31:37.069953 [info ] [MainThread]: dbt version: 1.12.3
[0m16:31:37.070338 [info ] [MainThread]: python version: 3.12.0
[0m16:31:37.070526 [info ] [MainThread]: python path: /Users/uramasaharu/Documents/develop/gachi_dataengineer_pj/04_logistics_ver2/venv/bin/python3.12
[0m16:31:37.070656 [info ] [MainThread]: os info: macOS-26.5.2-arm64-arm-64bit
[0m16:31:37.269045 [debug] [MainThread]: Snowflake adapter: Setting snowflake.connector to ERROR (file logging only)
[0m16:31:37.269278 [debug] [MainThread]: Snowflake adapter: Setting botocore to ERROR (file logging only)
[0m16:31:37.269415 [debug] [MainThread]: Snowflake adapter: Setting boto3 to ERROR (file logging only)
[0m16:31:37.314287 [info ] [MainThread]: Using profiles dir at /Users/uramasaharu/.dbt
[0m16:31:37.314521 [info ] [MainThread]: Using profiles.yml file at /Users/uramasaharu/.dbt/profiles.yml
[0m16:31:37.314657 [info ] [MainThread]: Using dbt_project.yml file at /Users/uramasaharu/Documents/develop/gachi_dataengineer_pj/04_logistics_ver2/logistics_simulator/dbt_project.yml
[0m16:31:37.315069 [info ] [MainThread]: adapter type: snowflake
[0m16:31:37.315232 [info ] [MainThread]: adapter version: 1.12.0
[0m16:31:37.353333 [info ] [MainThread]: Configuration:
[0m16:31:37.353591 [info ] [MainThread]:   profiles.yml file [[32mOK found and valid[0m]
[0m16:31:37.353721 [info ] [MainThread]:   dbt_project.yml file [[32mOK found and valid[0m]
[0m16:31:37.353836 [info ] [MainThread]: Required dependencies:
[0m16:31:37.354010 [debug] [MainThread]: Executing "git --help"
[0m16:31:37.364208 [debug] [MainThread]: STDOUT: "b"usage: git [-v | --version] [-h | --help] [-C <path>] [-c <name>=<value>]\n           [--exec-path[=<path>]] [--html-path] [--man-path] [--info-path]\n           [-p | --paginate | -P | --no-pager] [--no-replace-objects] [--no-lazy-fetch]\n           [--no-optional-locks] [--no-advice] [--bare] [--git-dir=<path>]\n           [--work-tree=<path>] [--namespace=<name>] [--config-env=<name>=<envvar>]\n           <command> [<args>]\n\nThese are common Git commands used in various situations:\n\nstart a working area (see also: git help tutorial)\n   clone      Clone a repository into a new directory\n   init       Create an empty Git repository or reinitialize an existing one\n\nwork on the current change (see also: git help everyday)\n   add        Add file contents to the index\n   mv         Move or rename a file, a directory, or a symlink\n   restore    Restore working tree files\n   rm         Remove files from the working tree and from the index\n\nexamine the history and state (see also: git help revisions)\n   bisect     Use binary search to find the commit that introduced a bug\n   diff       Show changes between commits, commit and working tree, etc\n   grep       Print lines matching a pattern\n   log        Show commit logs\n   show       Show various types of objects\n   status     Show the working tree status\n\ngrow, mark and tweak your common history\n   backfill   Download missing objects in a partial clone\n   branch     List, create, or delete branches\n   commit     Record changes to the repository\n   merge      Join two or more development histories together\n   rebase     Reapply commits on top of another base tip\n   reset      Reset current HEAD to the specified state\n   switch     Switch branches\n   tag        Create, list, delete or verify a tag object signed with GPG\n\ncollaborate (see also: git help workflows)\n   fetch      Download objects and refs from another repository\n   pull       Fetch from and integrate with another repository or a local branch\n   push       Update remote refs along with associated objects\n\n'git help -a' and 'git help -g' list available subcommands and some\nconcept guides. See 'git help <command>' or 'git help <concept>'\nto read about a specific subcommand or concept.\nSee 'git help git' for an overview of the system.\n""
[0m16:31:37.364619 [debug] [MainThread]: STDERR: "b''"
[0m16:31:37.364761 [info ] [MainThread]:  - git [[32mOK found[0m]

[0m16:31:37.364914 [info ] [MainThread]: Connection:
[0m16:31:37.365076 [info ] [MainThread]:   account: WFGWVJM-PE63516
[0m16:31:37.365195 [info ] [MainThread]:   user: MASAHARUURA
[0m16:31:37.365310 [info ] [MainThread]:   database: DBT_LOGISTICS
[0m16:31:37.365427 [info ] [MainThread]:   warehouse: COMPUTE_WH
[0m16:31:37.365539 [info ] [MainThread]:   role: SYSADMIN
[0m16:31:37.365659 [info ] [MainThread]:   schema: PUBLIC
[0m16:31:37.365775 [info ] [MainThread]:   authenticator: None
[0m16:31:37.365882 [info ] [MainThread]:   oauth_client_id: None
[0m16:31:37.365992 [info ] [MainThread]:   query_tag: None
[0m16:31:37.366102 [info ] [MainThread]:   client_session_keep_alive: False
[0m16:31:37.366209 [info ] [MainThread]:   host: None
[0m16:31:37.366318 [info ] [MainThread]:   port: None
[0m16:31:37.366436 [info ] [MainThread]:   proxy_host: None
[0m16:31:37.366545 [info ] [MainThread]:   proxy_port: None
[0m16:31:37.366652 [info ] [MainThread]:   protocol: None
[0m16:31:37.366761 [info ] [MainThread]:   connect_retries: 1
[0m16:31:37.366865 [info ] [MainThread]:   connect_timeout: None
[0m16:31:37.366972 [info ] [MainThread]:   retry_on_database_errors: False
[0m16:31:37.367078 [info ] [MainThread]:   retry_all: False
[0m16:31:37.367182 [info ] [MainThread]:   insecure_mode: False
[0m16:31:37.367290 [info ] [MainThread]:   reuse_connections: True
[0m16:31:37.367397 [info ] [MainThread]:   s3_stage_vpce_dns_name: None
[0m16:31:37.367502 [info ] [MainThread]:   workload_identity_provider: None
[0m16:31:37.367613 [info ] [MainThread]:   workload_identity_entra_resource: None
[0m16:31:37.367720 [info ] [MainThread]:   platform_detection_timeout_seconds: 0.0
[0m16:31:37.367966 [info ] [MainThread]: Registered adapter: snowflake=1.12.0
[0m16:31:37.420034 [debug] [MainThread]: Acquiring new snowflake connection 'debug'
[0m16:31:37.421317 [debug] [MainThread]: Using snowflake connection "debug"
[0m16:31:37.421461 [debug] [MainThread]: On debug: select 1 as id
[0m16:31:37.421570 [debug] [MainThread]: Opening a new connection, currently in state init
[0m16:31:38.600099 [debug] [MainThread]: SQL status: SUCCESS 1 in 1.178 seconds
[0m16:31:38.601937 [info ] [MainThread]:   Connection test: [[32mOK connection ok[0m]

[0m16:31:38.602500 [info ] [MainThread]: [32mAll checks passed![0m
[0m16:31:38.607789 [debug] [MainThread]: Resource report: {"command_name": "debug", "command_success": true, "command_wall_clock_time": 1.5848248, "process_in_blocks": "0", "process_kernel_time": 0.20127, "process_mem_max_rss": "181223424", "process_out_blocks": "0", "process_user_time": 0.939442}
[0m16:31:38.608508 [debug] [MainThread]: Command `dbt debug` succeeded at 16:31:38.608391 after 1.59 seconds
[0m16:31:38.608975 [debug] [MainThread]: Connection 'debug' was left open.
[0m16:31:38.609318 [debug] [MainThread]: On debug: Close
[0m16:31:38.881923 [debug] [MainThread]: Sending event: {'category': 'dbt', 'action': 'invocation', 'label': 'end', 'context': [<snowplow_tracker.self_describing_json.SelfDescribingJson object at 0x1191ca3c0>, <snowplow_tracker.self_describing_json.SelfDescribingJson object at 0x10f24f2f0>, <snowplow_tracker.self_describing_json.SelfDescribingJson object at 0x10d8a1580>]}
[0m16:31:38.883082 [debug] [MainThread]: Flushing usage events
[0m16:31:39.683655 [debug] [MainThread]: An error was encountered while trying to flush usage events
[0m16:33:39.882148 [debug] [MainThread]: Sending event: {'category': 'dbt', 'action': 'invocation', 'label': 'start', 'context': [<snowplow_tracker.self_describing_json.SelfDescribingJson object at 0x108953260>, <snowplow_tracker.self_describing_json.SelfDescribingJson object at 0x109361280>, <snowplow_tracker.self_describing_json.SelfDescribingJson object at 0x109360e30>]}


============================== 16:33:39.884290 | c5f1ac00-5517-4a07-9eb6-1e6a3b713729 ==============================
[0m16:33:39.884290 [info ] [MainThread]: Running with dbt=1.12.3
[0m16:33:39.884572 [debug] [MainThread]: running dbt with arguments {'version_check': 'True', 'use_experimental_parser': 'False', 'quiet': 'False', 'log_format': 'default', 'empty': 'None', 'indirect_selection': 'eager', 'static_parser': 'True', 'invocation_command': 'dbt debug', 'write_json': 'True', 'printer_width': '80', 'cache_selected_only': 'False', 'debug': 'False', 'target_path': 'None', 'send_anonymous_usage_stats': 'True', 'no_print': 'None', 'fail_fast': 'False', 'warn_error_options': 'WarnErrorOptionsV2(error=[], warn=[], silence=[])', 'log_cache_events': 'False', 'log_path': '/Users/uramasaharu/Documents/develop/gachi_dataengineer_pj/04_logistics_ver2/logistics_simulator/logs', 'hints_enabled': 'True', 'introspect': 'True', 'use_colors': 'True', 'profiles_dir': '/Users/uramasaharu/.dbt', 'maximum_seed_size_mib': '1', 'partial_parse': 'True', 'warn_error': 'None'}
[0m16:33:39.892999 [info ] [MainThread]: dbt version: 1.12.3
[0m16:33:39.893205 [info ] [MainThread]: python version: 3.12.0
[0m16:33:39.893330 [info ] [MainThread]: python path: /Users/uramasaharu/Documents/develop/gachi_dataengineer_pj/04_logistics_ver2/venv/bin/python3.12
[0m16:33:39.893446 [info ] [MainThread]: os info: macOS-26.5.2-arm64-arm-64bit
[0m16:33:40.090395 [debug] [MainThread]: Snowflake adapter: Setting snowflake.connector to ERROR (file logging only)
[0m16:33:40.090627 [debug] [MainThread]: Snowflake adapter: Setting botocore to ERROR (file logging only)
[0m16:33:40.090750 [debug] [MainThread]: Snowflake adapter: Setting boto3 to ERROR (file logging only)
[0m16:33:40.135122 [info ] [MainThread]: Using profiles dir at /Users/uramasaharu/.dbt
[0m16:33:40.135392 [info ] [MainThread]: Using profiles.yml file at /Users/uramasaharu/.dbt/profiles.yml
[0m16:33:40.135524 [info ] [MainThread]: Using dbt_project.yml file at /Users/uramasaharu/Documents/develop/gachi_dataengineer_pj/04_logistics_ver2/logistics_simulator/dbt_project.yml
[0m16:33:40.135986 [info ] [MainThread]: adapter type: snowflake
[0m16:33:40.136181 [info ] [MainThread]: adapter version: 1.12.0
[0m16:33:40.174090 [info ] [MainThread]: Configuration:
[0m16:33:40.174331 [info ] [MainThread]:   profiles.yml file [[32mOK found and valid[0m]
[0m16:33:40.174458 [info ] [MainThread]:   dbt_project.yml file [[32mOK found and valid[0m]
[0m16:33:40.174570 [info ] [MainThread]: Required dependencies:
[0m16:33:40.174749 [debug] [MainThread]: Executing "git --help"
[0m16:33:40.185627 [debug] [MainThread]: STDOUT: "b"usage: git [-v | --version] [-h | --help] [-C <path>] [-c <name>=<value>]\n           [--exec-path[=<path>]] [--html-path] [--man-path] [--info-path]\n           [-p | --paginate | -P | --no-pager] [--no-replace-objects] [--no-lazy-fetch]\n           [--no-optional-locks] [--no-advice] [--bare] [--git-dir=<path>]\n           [--work-tree=<path>] [--namespace=<name>] [--config-env=<name>=<envvar>]\n           <command> [<args>]\n\nThese are common Git commands used in various situations:\n\nstart a working area (see also: git help tutorial)\n   clone      Clone a repository into a new directory\n   init       Create an empty Git repository or reinitialize an existing one\n\nwork on the current change (see also: git help everyday)\n   add        Add file contents to the index\n   mv         Move or rename a file, a directory, or a symlink\n   restore    Restore working tree files\n   rm         Remove files from the working tree and from the index\n\nexamine the history and state (see also: git help revisions)\n   bisect     Use binary search to find the commit that introduced a bug\n   diff       Show changes between commits, commit and working tree, etc\n   grep       Print lines matching a pattern\n   log        Show commit logs\n   show       Show various types of objects\n   status     Show the working tree status\n\ngrow, mark and tweak your common history\n   backfill   Download missing objects in a partial clone\n   branch     List, create, or delete branches\n   commit     Record changes to the repository\n   merge      Join two or more development histories together\n   rebase     Reapply commits on top of another base tip\n   reset      Reset current HEAD to the specified state\n   switch     Switch branches\n   tag        Create, list, delete or verify a tag object signed with GPG\n\ncollaborate (see also: git help workflows)\n   fetch      Download objects and refs from another repository\n   pull       Fetch from and integrate with another repository or a local branch\n   push       Update remote refs along with associated objects\n\n'git help -a' and 'git help -g' list available subcommands and some\nconcept guides. See 'git help <command>' or 'git help <concept>'\nto read about a specific subcommand or concept.\nSee 'git help git' for an overview of the system.\n""
[0m16:33:40.186137 [debug] [MainThread]: STDERR: "b''"
[0m16:33:40.186291 [info ] [MainThread]:  - git [[32mOK found[0m]

[0m16:33:40.186450 [info ] [MainThread]: Connection:
[0m16:33:40.186630 [info ] [MainThread]:   account: WFGWVJM-PE63516
[0m16:33:40.186758 [info ] [MainThread]:   user: MASAHARUURA
[0m16:33:40.186887 [info ] [MainThread]:   database: DBT_LOGISTICS
[0m16:33:40.186999 [info ] [MainThread]:   warehouse: COMPUTE_WH
[0m16:33:40.187109 [info ] [MainThread]:   role: SYSADMIN
[0m16:33:40.187214 [info ] [MainThread]:   schema: PUBLIC
[0m16:33:40.187320 [info ] [MainThread]:   authenticator: None
[0m16:33:40.187424 [info ] [MainThread]:   oauth_client_id: None
[0m16:33:40.187530 [info ] [MainThread]:   query_tag: None
[0m16:33:40.187643 [info ] [MainThread]:   client_session_keep_alive: False
[0m16:33:40.187748 [info ] [MainThread]:   host: None
[0m16:33:40.187859 [info ] [MainThread]:   port: None
[0m16:33:40.187966 [info ] [MainThread]:   proxy_host: None
[0m16:33:40.188076 [info ] [MainThread]:   proxy_port: None
[0m16:33:40.188181 [info ] [MainThread]:   protocol: None
[0m16:33:40.188286 [info ] [MainThread]:   connect_retries: 1
[0m16:33:40.188390 [info ] [MainThread]:   connect_timeout: None
[0m16:33:40.188493 [info ] [MainThread]:   retry_on_database_errors: False
[0m16:33:40.188599 [info ] [MainThread]:   retry_all: False
[0m16:33:40.188698 [info ] [MainThread]:   insecure_mode: False
[0m16:33:40.188807 [info ] [MainThread]:   reuse_connections: True
[0m16:33:40.188909 [info ] [MainThread]:   s3_stage_vpce_dns_name: None
[0m16:33:40.189012 [info ] [MainThread]:   workload_identity_provider: None
[0m16:33:40.189114 [info ] [MainThread]:   workload_identity_entra_resource: None
[0m16:33:40.189222 [info ] [MainThread]:   platform_detection_timeout_seconds: 0.0
[0m16:33:40.189465 [info ] [MainThread]: Registered adapter: snowflake=1.12.0
[0m16:33:40.242144 [debug] [MainThread]: Acquiring new snowflake connection 'debug'
[0m16:33:40.243409 [debug] [MainThread]: Using snowflake connection "debug"
[0m16:33:40.243560 [debug] [MainThread]: On debug: select 1 as id
[0m16:33:40.243668 [debug] [MainThread]: Opening a new connection, currently in state init
[0m16:33:40.790926 [debug] [MainThread]: SQL status: SUCCESS 1 in 0.547 seconds
[0m16:33:40.792714 [info ] [MainThread]:   Connection test: [[32mOK connection ok[0m]

[0m16:33:40.793216 [info ] [MainThread]: [32mAll checks passed![0m
[0m16:33:40.799220 [debug] [MainThread]: Resource report: {"command_name": "debug", "command_success": true, "command_wall_clock_time": 0.9532428, "process_in_blocks": "0", "process_kernel_time": 0.208403, "process_mem_max_rss": "170491904", "process_out_blocks": "0", "process_user_time": 0.786777}
[0m16:33:40.799905 [debug] [MainThread]: Command `dbt debug` succeeded at 16:33:40.799790 after 0.95 seconds
[0m16:33:40.800278 [debug] [MainThread]: Connection 'debug' was left open.
[0m16:33:40.800554 [debug] [MainThread]: On debug: Close
[0m16:33:40.871157 [debug] [MainThread]: Sending event: {'category': 'dbt', 'action': 'invocation', 'label': 'end', 'context': [<snowplow_tracker.self_describing_json.SelfDescribingJson object at 0x1099ea030>, <snowplow_tracker.self_describing_json.SelfDescribingJson object at 0x10b1208f0>, <snowplow_tracker.self_describing_json.SelfDescribingJson object at 0x10917bb60>]}
[0m16:33:40.872199 [debug] [MainThread]: Flushing usage events
[0m16:33:41.642315 [debug] [MainThread]: An error was encountered while trying to flush usage events
[0m16:34:48.771653 [debug] [MainThread]: Sending event: {'category': 'dbt', 'action': 'invocation', 'label': 'start', 'context': [<snowplow_tracker.self_describing_json.SelfDescribingJson object at 0x124af1520>, <snowplow_tracker.self_describing_json.SelfDescribingJson object at 0x148369c70>, <snowplow_tracker.self_describing_json.SelfDescribingJson object at 0x14854a750>]}


============================== 16:34:48.773786 | 7fae9fde-1517-41f6-916a-8de2aec44f3a ==============================
[0m16:34:48.773786 [info ] [MainThread]: Running with dbt=1.12.3
[0m16:34:48.774059 [debug] [MainThread]: running dbt with arguments {'no_print': 'None', 'log_path': '/Users/uramasaharu/Documents/develop/gachi_dataengineer_pj/04_logistics_ver2/logistics_simulator/logs', 'quiet': 'False', 'indirect_selection': 'eager', 'use_colors': 'True', 'warn_error_options': 'WarnErrorOptionsV2(error=[], warn=[], silence=[])', 'partial_parse': 'True', 'debug': 'False', 'static_parser': 'True', 'write_json': 'True', 'log_format': 'default', 'hints_enabled': 'True', 'warn_error': 'None', 'empty': 'False', 'log_cache_events': 'False', 'cache_selected_only': 'False', 'maximum_seed_size_mib': '1', 'target_path': 'None', 'profiles_dir': '/Users/uramasaharu/.dbt', 'invocation_command': 'dbt run', 'fail_fast': 'False', 'version_check': 'True', 'printer_width': '80', 'send_anonymous_usage_stats': 'True', 'use_experimental_parser': 'False', 'introspect': 'True'}
[0m16:34:48.960240 [debug] [MainThread]: Snowflake adapter: Setting snowflake.connector to ERROR (file logging only)
[0m16:34:48.960472 [debug] [MainThread]: Snowflake adapter: Setting botocore to ERROR (file logging only)
[0m16:34:48.960604 [debug] [MainThread]: Snowflake adapter: Setting boto3 to ERROR (file logging only)
[0m16:34:49.053358 [debug] [MainThread]: Sending event: {'category': 'dbt', 'action': 'project_id', 'label': '7fae9fde-1517-41f6-916a-8de2aec44f3a', 'context': [<snowplow_tracker.self_describing_json.SelfDescribingJson object at 0x14ab6faa0>]}
[0m16:34:49.074710 [debug] [MainThread]: Sending event: {'category': 'dbt', 'action': 'adapter_info', 'label': '7fae9fde-1517-41f6-916a-8de2aec44f3a', 'context': [<snowplow_tracker.self_describing_json.SelfDescribingJson object at 0x148582e40>]}
[0m16:34:49.075303 [info ] [MainThread]: Registered adapter: snowflake=1.12.0
[0m16:34:49.128856 [error] [MainThread]: [[31mERROR[0m]: Encountered an error:
Compilation Error
  dbt expects 2 package(s) based on packages specified in packages.yml, but found only 0 package(s) installed in dbt_packages. Following packages were not found: codegen, dbt_utils. Run "dbt deps" to install package dependencies.
[0m16:34:49.130936 [debug] [MainThread]: Resource report: {"command_name": "run", "command_success": false, "command_wall_clock_time": 0.39570493, "process_in_blocks": "0", "process_kernel_time": 0.180361, "process_mem_max_rss": "158515200", "process_out_blocks": "0", "process_user_time": 0.795789}
[0m16:34:49.131308 [debug] [MainThread]: Command `dbt run` failed at 16:34:49.131267 after 0.40 seconds
[0m16:34:49.131487 [debug] [MainThread]: Sending event: {'category': 'dbt', 'action': 'invocation', 'label': 'end', 'context': [<snowplow_tracker.self_describing_json.SelfDescribingJson object at 0x1481f4cb0>, <snowplow_tracker.self_describing_json.SelfDescribingJson object at 0x1251cdd30>, <snowplow_tracker.self_describing_json.SelfDescribingJson object at 0x14ab6dcd0>]}
[0m16:34:49.131640 [debug] [MainThread]: Flushing usage events
[0m16:34:49.866343 [debug] [MainThread]: An error was encountered while trying to flush usage events
[0m16:35:00.324153 [debug] [MainThread]: Sending event: {'category': 'dbt', 'action': 'invocation', 'label': 'start', 'context': [<snowplow_tracker.self_describing_json.SelfDescribingJson object at 0x1069472c0>, <snowplow_tracker.self_describing_json.SelfDescribingJson object at 0x1073550d0>, <snowplow_tracker.self_describing_json.SelfDescribingJson object at 0x107354bc0>]}


============================== 16:35:00.325749 | 7dc967e6-f35c-4964-bb61-338969bba2ef ==============================
[0m16:35:00.325749 [info ] [MainThread]: Running with dbt=1.12.3
[0m16:35:00.326027 [debug] [MainThread]: running dbt with arguments {'hints_enabled': 'True', 'empty': 'None', 'printer_width': '80', 'warn_error': 'None', 'warn_error_options': 'WarnErrorOptionsV2(error=[], warn=[], silence=[])', 'target_path': 'None', 'log_format': 'default', 'cache_selected_only': 'False', 'debug': 'False', 'fail_fast': 'False', 'use_colors': 'True', 'log_cache_events': 'False', 'no_print': 'None', 'static_parser': 'True', 'log_path': '/Users/uramasaharu/Documents/develop/gachi_dataengineer_pj/04_logistics_ver2/logistics_simulator/logs', 'profiles_dir': '/Users/uramasaharu/.dbt', 'use_experimental_parser': 'False', 'version_check': 'True', 'invocation_command': 'dbt deps', 'write_json': 'True', 'indirect_selection': 'eager', 'introspect': 'True', 'send_anonymous_usage_stats': 'True', 'maximum_seed_size_mib': '1', 'quiet': 'False', 'partial_parse': 'True'}
[0m16:35:00.371633 [debug] [MainThread]: Sending event: {'category': 'dbt', 'action': 'project_id', 'label': '7dc967e6-f35c-4964-bb61-338969bba2ef', 'context': [<snowplow_tracker.self_describing_json.SelfDescribingJson object at 0x1043e3ef0>]}
[0m16:35:00.382343 [debug] [MainThread]: Set downloads directory='/var/folders/tk/_6y0dd8j5sb58vd07snqvkc00000gn/T/dbt-downloads-o0uzqh6m'
[0m16:35:00.382545 [debug] [MainThread]: Making package index registry request: GET https://hub.getdbt.com/api/v1/index.json
[0m16:35:00.495692 [debug] [MainThread]: Response from registry index: GET https://hub.getdbt.com/api/v1/index.json 200
[0m16:35:00.496704 [debug] [MainThread]: Making package registry request: GET https://hub.getdbt.com/api/v1/dbt-labs/dbt_utils.json
[0m16:35:00.553263 [debug] [MainThread]: Response from registry: GET https://hub.getdbt.com/api/v1/dbt-labs/dbt_utils.json 200
[0m16:35:00.556268 [debug] [MainThread]: Making package registry request: GET https://hub.getdbt.com/api/v1/dbt-labs/codegen.json
[0m16:35:00.790055 [debug] [MainThread]: Response from registry: GET https://hub.getdbt.com/api/v1/dbt-labs/codegen.json 200
[0m16:35:00.792411 [info ] [MainThread]: Installing dbt-labs/dbt_utils
[0m16:35:01.128519 [info ] [MainThread]: Installed from version 1.4.0
[0m16:35:01.128755 [info ] [MainThread]: Updated version available: 1.4.1
[0m16:35:01.128925 [debug] [MainThread]: Sending event: {'category': 'dbt', 'action': 'package', 'label': '7dc967e6-f35c-4964-bb61-338969bba2ef', 'property_': 'install', 'context': [<snowplow_tracker.self_describing_json.SelfDescribingJson object at 0x1074e87a0>, <snowplow_tracker.self_describing_json.SelfDescribingJson object at 0x107593e30>]}
[0m16:35:01.129107 [info ] [MainThread]: Installing dbt-labs/codegen
[0m16:35:01.350623 [info ] [MainThread]: Installed from version 0.14.1
[0m16:35:01.350842 [info ] [MainThread]: Up to date!
[0m16:35:01.351010 [debug] [MainThread]: Sending event: {'category': 'dbt', 'action': 'package', 'label': '7dc967e6-f35c-4964-bb61-338969bba2ef', 'property_': 'install', 'context': [<snowplow_tracker.self_describing_json.SelfDescribingJson object at 0x107592e10>, <snowplow_tracker.self_describing_json.SelfDescribingJson object at 0x107592ab0>]}
[0m16:35:01.351178 [info ] [MainThread]: 
[0m16:35:01.351310 [info ] [MainThread]: Updates available for packages: ['dbt-labs/dbt_utils']                 
Update your versions in packages.yml, then run dbt deps
[0m16:35:01.352798 [debug] [MainThread]: Resource report: {"command_name": "deps", "command_success": true, "command_wall_clock_time": 1.0617393, "process_in_blocks": "0", "process_kernel_time": 0.145456, "process_mem_max_rss": "133365760", "process_out_blocks": "0", "process_user_time": 0.703887}
[0m16:35:01.352988 [debug] [MainThread]: Command `dbt deps` succeeded at 16:35:01.352954 after 1.06 seconds
[0m16:35:01.353128 [debug] [MainThread]: Sending event: {'category': 'dbt', 'action': 'invocation', 'label': 'end', 'context': [<snowplow_tracker.self_describing_json.SelfDescribingJson object at 0x1073550d0>, <snowplow_tracker.self_describing_json.SelfDescribingJson object at 0x1069472c0>, <snowplow_tracker.self_describing_json.SelfDescribingJson object at 0x1075545f0>]}
[0m16:35:01.353251 [debug] [MainThread]: Flushing usage events
[0m16:35:02.098475 [debug] [MainThread]: An error was encountered while trying to flush usage events
[0m16:35:12.631055 [debug] [MainThread]: Sending event: {'category': 'dbt', 'action': 'invocation', 'label': 'start', 'context': [<snowplow_tracker.self_describing_json.SelfDescribingJson object at 0x10854f4a0>, <snowplow_tracker.self_describing_json.SelfDescribingJson object at 0x109369ac0>, <snowplow_tracker.self_describing_json.SelfDescribingJson object at 0x109369370>]}


============================== 16:35:12.633488 | 1874d4d7-78c5-4240-bb49-43cf57ec05ee ==============================
[0m16:35:12.633488 [info ] [MainThread]: Running with dbt=1.12.3
[0m16:35:12.633798 [debug] [MainThread]: running dbt with arguments {'log_format': 'default', 'invocation_command': 'dbt run', 'warn_error': 'None', 'use_colors': 'True', 'send_anonymous_usage_stats': 'True', 'indirect_selection': 'eager', 'introspect': 'True', 'version_check': 'True', 'printer_width': '80', 'partial_parse': 'True', 'log_path': '/Users/uramasaharu/Documents/develop/gachi_dataengineer_pj/04_logistics_ver2/logistics_simulator/logs', 'log_cache_events': 'False', 'no_print': 'None', 'empty': 'False', 'quiet': 'False', 'target_path': 'None', 'debug': 'False', 'profiles_dir': '/Users/uramasaharu/.dbt', 'hints_enabled': 'True', 'write_json': 'True', 'fail_fast': 'False', 'maximum_seed_size_mib': '1', 'static_parser': 'True', 'cache_selected_only': 'False', 'use_experimental_parser': 'False', 'warn_error_options': 'WarnErrorOptionsV2(error=[], warn=[], silence=[])'}
[0m16:35:12.828255 [debug] [MainThread]: Snowflake adapter: Setting snowflake.connector to ERROR (file logging only)
[0m16:35:12.828492 [debug] [MainThread]: Snowflake adapter: Setting botocore to ERROR (file logging only)
[0m16:35:12.828616 [debug] [MainThread]: Snowflake adapter: Setting boto3 to ERROR (file logging only)
[0m16:35:12.916443 [debug] [MainThread]: Sending event: {'category': 'dbt', 'action': 'project_id', 'label': '1874d4d7-78c5-4240-bb49-43cf57ec05ee', 'context': [<snowplow_tracker.self_describing_json.SelfDescribingJson object at 0x1099c8ef0>]}
[0m16:35:12.938030 [debug] [MainThread]: Sending event: {'category': 'dbt', 'action': 'adapter_info', 'label': '1874d4d7-78c5-4240-bb49-43cf57ec05ee', 'context': [<snowplow_tracker.self_describing_json.SelfDescribingJson object at 0x10b28e7b0>]}
[0m16:35:12.938631 [info ] [MainThread]: Registered adapter: snowflake=1.12.0
[0m16:35:12.998758 [debug] [MainThread]: checksum: 461150643511e3fa788b8cb99fca0341d3ab88c665cbbf242aaee2d85637f7d4, vars: {}, profile: snowflake_trial_20260822, target: dev, version: 1.12.3
[0m16:35:12.999260 [info ] [MainThread]: Unable to do partial parsing because saved manifest not found. Starting full parse.
[0m16:35:12.999450 [debug] [MainThread]: Sending event: {'category': 'dbt', 'action': 'partial_parser', 'label': '1874d4d7-78c5-4240-bb49-43cf57ec05ee', 'context': [<snowplow_tracker.self_describing_json.SelfDescribingJson object at 0x10bc95550>]}
[0m16:35:13.831108 [debug] [MainThread]: Sending event: {'category': 'dbt', 'action': 'load_project', 'label': '1874d4d7-78c5-4240-bb49-43cf57ec05ee', 'context': [<snowplow_tracker.self_describing_json.SelfDescribingJson object at 0x10d073c20>]}
[0m16:35:13.884572 [debug] [MainThread]: Wrote artifact WritableManifest to /Users/uramasaharu/Documents/develop/gachi_dataengineer_pj/04_logistics_ver2/logistics_simulator/target/manifest.json
[0m16:35:13.886050 [debug] [MainThread]: Wrote artifact SemanticManifest to /Users/uramasaharu/Documents/develop/gachi_dataengineer_pj/04_logistics_ver2/logistics_simulator/target/semantic_manifest.json
[0m16:35:13.895192 [debug] [MainThread]: Wrote artifact OsiDocument to /Users/uramasaharu/Documents/develop/gachi_dataengineer_pj/04_logistics_ver2/logistics_simulator/target/osi_document.json
[0m16:35:13.900909 [debug] [MainThread]: Sending event: {'category': 'dbt', 'action': 'resource_counts', 'label': '1874d4d7-78c5-4240-bb49-43cf57ec05ee', 'context': [<snowplow_tracker.self_describing_json.SelfDescribingJson object at 0x10d19af30>]}
[0m16:35:13.901111 [info ] [MainThread]: Found 12 models, 5 seeds, 51 data tests, 6 sources, 690 macros
[0m16:35:13.901264 [debug] [MainThread]: Sending event: {'category': 'dbt', 'action': 'runnable_timing', 'label': '1874d4d7-78c5-4240-bb49-43cf57ec05ee', 'context': [<snowplow_tracker.self_describing_json.SelfDescribingJson object at 0x10854ed80>]}
[0m16:35:13.902320 [info ] [MainThread]: 
[0m16:35:13.902474 [info ] [MainThread]: Concurrency: 1 threads (target='dev')
[0m16:35:13.902596 [info ] [MainThread]: 
[0m16:35:13.902812 [debug] [MainThread]: Acquiring new snowflake connection 'master'
[0m16:35:13.904650 [debug] [ThreadPool]: Acquiring new snowflake connection 'list_DBT_LOGISTICS'
[0m16:35:13.909886 [debug] [ThreadPool]: Using snowflake connection "list_DBT_LOGISTICS"
[0m16:35:13.910022 [debug] [ThreadPool]: On list_DBT_LOGISTICS: show terse schemas in database DBT_LOGISTICS
    limit 10000
/* {"app": "dbt", "dbt_version": "1.12.3", "profile_name": "snowflake_trial_20260822", "target_name": "dev", "connection_name": "list_DBT_LOGISTICS"} */
[0m16:35:13.910126 [debug] [ThreadPool]: Opening a new connection, currently in state init
[0m16:35:14.698692 [debug] [ThreadPool]: Snowflake adapter: Snowflake query id: 01c68e27-0104-7997-0005-1826000300be
[0m16:35:14.699507 [debug] [ThreadPool]: Snowflake adapter: Snowflake error: 002043 (02000): SQL compilation error:
Object does not exist, or operation cannot be performed.
[0m16:35:14.700224 [debug] [ThreadPool]: Snowflake adapter: Error running SQL: macro list_schemas
[0m16:35:14.700624 [debug] [ThreadPool]: Snowflake adapter: Rolling back transaction.
[0m16:35:14.703185 [debug] [ThreadPool]: Using snowflake connection "list_DBT_LOGISTICS"
[0m16:35:14.703723 [debug] [ThreadPool]: On list_DBT_LOGISTICS: show terse schemas in database DBT_LOGISTICS
    limit 10000
/* {"app": "dbt", "dbt_version": "1.12.3", "profile_name": "snowflake_trial_20260822", "target_name": "dev", "connection_name": "list_DBT_LOGISTICS"} */
[0m16:35:15.334044 [debug] [ThreadPool]: Snowflake adapter: Snowflake query id: 01c68e27-0104-7a0e-0005-182600029186
[0m16:35:15.335264 [debug] [ThreadPool]: Snowflake adapter: Snowflake error: 002043 (02000): SQL compilation error:
Object does not exist, or operation cannot be performed.
[0m16:35:15.336331 [debug] [ThreadPool]: Snowflake adapter: Error running SQL: macro list_schemas
[0m16:35:15.337070 [debug] [ThreadPool]: Snowflake adapter: Rolling back transaction.
[0m16:35:15.340460 [debug] [ThreadPool]: Using snowflake connection "list_DBT_LOGISTICS"
[0m16:35:15.341047 [debug] [ThreadPool]: On list_DBT_LOGISTICS: show terse schemas in database DBT_LOGISTICS
    limit 10000
/* {"app": "dbt", "dbt_version": "1.12.3", "profile_name": "snowflake_trial_20260822", "target_name": "dev", "connection_name": "list_DBT_LOGISTICS"} */
[0m16:35:15.452588 [debug] [ThreadPool]: Snowflake adapter: Snowflake query id: 01c68e27-0104-7a0e-0005-18260002918a
[0m16:35:15.453817 [debug] [ThreadPool]: Snowflake adapter: Snowflake error: 002043 (02000): SQL compilation error:
Object does not exist, or operation cannot be performed.
[0m16:35:15.454850 [debug] [ThreadPool]: Snowflake adapter: Error running SQL: macro list_schemas
[0m16:35:15.455501 [debug] [ThreadPool]: Snowflake adapter: Rolling back transaction.
[0m16:35:15.457195 [debug] [MainThread]: Connection 'master' was properly closed.
[0m16:35:15.457743 [debug] [MainThread]: Connection 'list_DBT_LOGISTICS' was left open.
[0m16:35:15.458108 [debug] [MainThread]: On list_DBT_LOGISTICS: Close
[0m16:35:15.580609 [info ] [MainThread]: 
[0m16:35:15.581771 [info ] [MainThread]: Finished running  in 0 hours 0 minutes and 1.68 seconds (1.68s).
[0m16:35:15.582379 [error] [MainThread]: [[31mERROR[0m]: Encountered an error:
Runtime Error
  Database error while listing schemas in database "DBT_LOGISTICS"
  Database Error
    002043 (02000): SQL compilation error:
    Object does not exist, or operation cannot be performed.
[0m16:35:15.587270 [debug] [MainThread]: Resource report: {"command_name": "run", "command_success": false, "command_wall_clock_time": 2.994142, "process_in_blocks": "0", "process_kernel_time": 0.234966, "process_mem_max_rss": "193200128", "process_out_blocks": "0", "process_user_time": 1.744149}
[0m16:35:15.587724 [debug] [MainThread]: Command `dbt run` failed at 16:35:15.587648 after 2.99 seconds
[0m16:35:15.588087 [debug] [MainThread]: Sending event: {'category': 'dbt', 'action': 'invocation', 'label': 'end', 'context': [<snowplow_tracker.self_describing_json.SelfDescribingJson object at 0x100772ea0>, <snowplow_tracker.self_describing_json.SelfDescribingJson object at 0x10d1339e0>, <snowplow_tracker.self_describing_json.SelfDescribingJson object at 0x10d16a660>]}
[0m16:35:15.588404 [debug] [MainThread]: Flushing usage events
[0m16:35:16.324961 [debug] [MainThread]: An error was encountered while trying to flush usage events
[0m16:39:54.347282 [debug] [MainThread]: Sending event: {'category': 'dbt', 'action': 'invocation', 'label': 'start', 'context': [<snowplow_tracker.self_describing_json.SelfDescribingJson object at 0x1068eb7a0>, <snowplow_tracker.self_describing_json.SelfDescribingJson object at 0x107a3da90>, <snowplow_tracker.self_describing_json.SelfDescribingJson object at 0x107ab3020>]}


============================== 16:39:54.349493 | 65ae1e34-9c08-4a61-9a85-ca0cf547f95d ==============================
[0m16:39:54.349493 [info ] [MainThread]: Running with dbt=1.12.3
[0m16:39:54.349766 [debug] [MainThread]: running dbt with arguments {'log_format': 'default', 'static_parser': 'True', 'send_anonymous_usage_stats': 'True', 'version_check': 'True', 'log_path': '/Users/uramasaharu/Documents/develop/gachi_dataengineer_pj/04_logistics_ver2/logistics_simulator/logs', 'write_json': 'True', 'fail_fast': 'False', 'empty': 'False', 'cache_selected_only': 'False', 'indirect_selection': 'eager', 'use_experimental_parser': 'False', 'partial_parse': 'True', 'printer_width': '80', 'hints_enabled': 'True', 'profiles_dir': '/Users/uramasaharu/.dbt', 'warn_error_options': 'WarnErrorOptionsV2(error=[], warn=[], silence=[])', 'debug': 'False', 'invocation_command': 'dbt run', 'log_cache_events': 'False', 'introspect': 'True', 'quiet': 'False', 'target_path': 'None', 'no_print': 'None', 'use_colors': 'True', 'maximum_seed_size_mib': '1', 'warn_error': 'None'}
[0m16:39:54.567495 [debug] [MainThread]: Snowflake adapter: Setting snowflake.connector to ERROR (file logging only)
[0m16:39:54.567738 [debug] [MainThread]: Snowflake adapter: Setting botocore to ERROR (file logging only)
[0m16:39:54.567866 [debug] [MainThread]: Snowflake adapter: Setting boto3 to ERROR (file logging only)
[0m16:39:54.659316 [debug] [MainThread]: Sending event: {'category': 'dbt', 'action': 'project_id', 'label': '65ae1e34-9c08-4a61-9a85-ca0cf547f95d', 'context': [<snowplow_tracker.self_describing_json.SelfDescribingJson object at 0x107a3ec90>]}
[0m16:39:54.680618 [debug] [MainThread]: Sending event: {'category': 'dbt', 'action': 'adapter_info', 'label': '65ae1e34-9c08-4a61-9a85-ca0cf547f95d', 'context': [<snowplow_tracker.self_describing_json.SelfDescribingJson object at 0x1078e21b0>]}
[0m16:39:54.681113 [info ] [MainThread]: Registered adapter: snowflake=1.12.0
[0m16:39:54.742993 [debug] [MainThread]: checksum: 461150643511e3fa788b8cb99fca0341d3ab88c665cbbf242aaee2d85637f7d4, vars: {}, profile: snowflake_trial_20260822, target: dev, version: 1.12.3
[0m16:39:54.832196 [debug] [MainThread]: Partial parsing enabled: 0 files deleted, 0 files added, 0 files changed.
[0m16:39:54.832420 [debug] [MainThread]: Nothing changed, skipping partial parsing.
[0m16:39:54.832536 [debug] [MainThread]: Partial parsing enabled, no changes found, skipping parsing
[0m16:39:54.836680 [debug] [MainThread]: Sending event: {'category': 'dbt', 'action': 'load_project', 'label': '65ae1e34-9c08-4a61-9a85-ca0cf547f95d', 'context': [<snowplow_tracker.self_describing_json.SelfDescribingJson object at 0x107a73950>]}
[0m16:39:54.911942 [debug] [MainThread]: Wrote artifact WritableManifest to /Users/uramasaharu/Documents/develop/gachi_dataengineer_pj/04_logistics_ver2/logistics_simulator/target/manifest.json
[0m16:39:54.913867 [debug] [MainThread]: Wrote artifact SemanticManifest to /Users/uramasaharu/Documents/develop/gachi_dataengineer_pj/04_logistics_ver2/logistics_simulator/target/semantic_manifest.json
[0m16:39:54.924076 [debug] [MainThread]: Wrote artifact OsiDocument to /Users/uramasaharu/Documents/develop/gachi_dataengineer_pj/04_logistics_ver2/logistics_simulator/target/osi_document.json
[0m16:39:54.931121 [debug] [MainThread]: Sending event: {'category': 'dbt', 'action': 'resource_counts', 'label': '65ae1e34-9c08-4a61-9a85-ca0cf547f95d', 'context': [<snowplow_tracker.self_describing_json.SelfDescribingJson object at 0x10a13b200>]}
[0m16:39:54.931366 [info ] [MainThread]: Found 12 models, 5 seeds, 51 data tests, 6 sources, 690 macros
[0m16:39:54.931525 [debug] [MainThread]: Sending event: {'category': 'dbt', 'action': 'runnable_timing', 'label': '65ae1e34-9c08-4a61-9a85-ca0cf547f95d', 'context': [<snowplow_tracker.self_describing_json.SelfDescribingJson object at 0x10982d4c0>]}
[0m16:39:54.932620 [info ] [MainThread]: 
[0m16:39:54.932768 [info ] [MainThread]: Concurrency: 1 threads (target='dev')
[0m16:39:54.932887 [info ] [MainThread]: 
[0m16:39:54.933114 [debug] [MainThread]: Acquiring new snowflake connection 'master'
[0m16:39:54.934966 [debug] [ThreadPool]: Acquiring new snowflake connection 'list_DBT_LOGISTICS'
[0m16:39:54.941064 [debug] [ThreadPool]: Using snowflake connection "list_DBT_LOGISTICS"
[0m16:39:54.941221 [debug] [ThreadPool]: On list_DBT_LOGISTICS: show terse schemas in database DBT_LOGISTICS
    limit 10000
/* {"app": "dbt", "dbt_version": "1.12.3", "profile_name": "snowflake_trial_20260822", "target_name": "dev", "connection_name": "list_DBT_LOGISTICS"} */
[0m16:39:54.941337 [debug] [ThreadPool]: Opening a new connection, currently in state init
[0m16:39:55.459844 [debug] [ThreadPool]: SQL status: SUCCESS 2 in 0.518 seconds
[0m16:39:55.464143 [debug] [ThreadPool]: Using snowflake connection "list_DBT_LOGISTICS"
[0m16:39:55.464758 [debug] [ThreadPool]: On list_DBT_LOGISTICS: show terse schemas in database DBT_LOGISTICS
    limit 10000
/* {"app": "dbt", "dbt_version": "1.12.3", "profile_name": "snowflake_trial_20260822", "target_name": "dev", "connection_name": "list_DBT_LOGISTICS"} */
[0m16:39:55.521919 [debug] [ThreadPool]: SQL status: SUCCESS 2 in 0.057 seconds
[0m16:39:55.526939 [debug] [ThreadPool]: Using snowflake connection "list_DBT_LOGISTICS"
[0m16:39:55.527624 [debug] [ThreadPool]: On list_DBT_LOGISTICS: show terse schemas in database DBT_LOGISTICS
    limit 10000
/* {"app": "dbt", "dbt_version": "1.12.3", "profile_name": "snowflake_trial_20260822", "target_name": "dev", "connection_name": "list_DBT_LOGISTICS"} */
[0m16:39:55.584409 [debug] [ThreadPool]: SQL status: SUCCESS 2 in 0.056 seconds
[0m16:39:55.587873 [debug] [ThreadPool]: Re-using an available connection from the pool (formerly list_DBT_LOGISTICS, now create_DBT_LOGISTICS_PUBLIC_STAGING)
[0m16:39:55.588623 [debug] [ThreadPool]: Creating schema "database: "DBT_LOGISTICS"
schema: "PUBLIC_STAGING"
"
[0m16:39:55.594033 [debug] [ThreadPool]: Using snowflake connection "create_DBT_LOGISTICS_PUBLIC_STAGING"
[0m16:39:55.594628 [debug] [ThreadPool]: On create_DBT_LOGISTICS_PUBLIC_STAGING: create schema if not exists DBT_LOGISTICS.PUBLIC_STAGING
/* {"app": "dbt", "dbt_version": "1.12.3", "profile_name": "snowflake_trial_20260822", "target_name": "dev", "connection_name": "create_DBT_LOGISTICS_PUBLIC_STAGING"} */
[0m16:39:55.672920 [debug] [ThreadPool]: Snowflake adapter: Snowflake query id: 01c68e2b-0104-7a0e-0005-182600029266
[0m16:39:55.673559 [debug] [ThreadPool]: Snowflake adapter: Snowflake error: 003001 (42501): SQL access control error:
Insufficient privileges to operate on database 'DBT_LOGISTICS'. Your primary role SYSADMIN must have CREATE SCHEMA granted on DATABASE DBT_LOGISTICS.
[0m16:39:55.674120 [debug] [ThreadPool]: Snowflake adapter: Error running SQL: macro create_schema
[0m16:39:55.674439 [debug] [ThreadPool]: Snowflake adapter: Rolling back transaction.
[0m16:39:55.675156 [debug] [ThreadPool]: Re-using an available connection from the pool (formerly create_DBT_LOGISTICS_PUBLIC_STAGING, now create_DBT_LOGISTICS_PUBLIC_INTERMEDIATE)
[0m16:39:55.675781 [debug] [ThreadPool]: Creating schema "database: "DBT_LOGISTICS"
schema: "PUBLIC_INTERMEDIATE"
"
[0m16:39:55.677147 [debug] [ThreadPool]: Using snowflake connection "create_DBT_LOGISTICS_PUBLIC_INTERMEDIATE"
[0m16:39:55.677478 [debug] [ThreadPool]: On create_DBT_LOGISTICS_PUBLIC_INTERMEDIATE: create schema if not exists DBT_LOGISTICS.PUBLIC_INTERMEDIATE
/* {"app": "dbt", "dbt_version": "1.12.3", "profile_name": "snowflake_trial_20260822", "target_name": "dev", "connection_name": "create_DBT_LOGISTICS_PUBLIC_INTERMEDIATE"} */
[0m16:39:55.730448 [debug] [ThreadPool]: Snowflake adapter: Snowflake query id: 01c68e2b-0104-7997-0005-18260003017a
[0m16:39:55.730812 [debug] [ThreadPool]: Snowflake adapter: Snowflake error: 003001 (42501): SQL access control error:
Insufficient privileges to operate on database 'DBT_LOGISTICS'. Your primary role SYSADMIN must have CREATE SCHEMA granted on DATABASE DBT_LOGISTICS.
[0m16:39:55.731150 [debug] [ThreadPool]: Snowflake adapter: Error running SQL: macro create_schema
[0m16:39:55.731362 [debug] [ThreadPool]: Snowflake adapter: Rolling back transaction.
[0m16:39:55.731832 [debug] [ThreadPool]: Re-using an available connection from the pool (formerly create_DBT_LOGISTICS_PUBLIC_INTERMEDIATE, now create_DBT_LOGISTICS_PUBLIC_ANALYTICS)
[0m16:39:55.732173 [debug] [ThreadPool]: Creating schema "database: "DBT_LOGISTICS"
schema: "PUBLIC_ANALYTICS"
"
[0m16:39:55.733352 [debug] [ThreadPool]: Using snowflake connection "create_DBT_LOGISTICS_PUBLIC_ANALYTICS"
[0m16:39:55.733603 [debug] [ThreadPool]: On create_DBT_LOGISTICS_PUBLIC_ANALYTICS: create schema if not exists DBT_LOGISTICS.PUBLIC_ANALYTICS
/* {"app": "dbt", "dbt_version": "1.12.3", "profile_name": "snowflake_trial_20260822", "target_name": "dev", "connection_name": "create_DBT_LOGISTICS_PUBLIC_ANALYTICS"} */
[0m16:39:55.793784 [debug] [ThreadPool]: Snowflake adapter: Snowflake query id: 01c68e2b-0104-7997-0005-18260003017e
[0m16:39:55.794161 [debug] [ThreadPool]: Snowflake adapter: Snowflake error: 003001 (42501): SQL access control error:
Insufficient privileges to operate on database 'DBT_LOGISTICS'. Your primary role SYSADMIN must have CREATE SCHEMA granted on DATABASE DBT_LOGISTICS.
[0m16:39:55.794613 [debug] [ThreadPool]: Snowflake adapter: Error running SQL: macro create_schema
[0m16:39:55.794904 [debug] [ThreadPool]: Snowflake adapter: Rolling back transaction.
[0m16:39:55.795605 [debug] [MainThread]: Connection 'master' was properly closed.
[0m16:39:55.795957 [debug] [MainThread]: Connection 'create_DBT_LOGISTICS_PUBLIC_ANALYTICS' was left open.
[0m16:39:55.796265 [debug] [MainThread]: On create_DBT_LOGISTICS_PUBLIC_ANALYTICS: Close
[0m16:39:55.871994 [info ] [MainThread]: 
[0m16:39:55.872910 [info ] [MainThread]: Finished running  in 0 hours 0 minutes and 0.94 seconds (0.94s).
[0m16:39:55.873730 [error] [MainThread]: [[31mERROR[0m]: Encountered an error:
Database Error
  003001 (42501): SQL access control error:
  Insufficient privileges to operate on database 'DBT_LOGISTICS'. Your primary role SYSADMIN must have CREATE SCHEMA granted on DATABASE DBT_LOGISTICS.
[0m16:39:55.880038 [debug] [MainThread]: Resource report: {"command_name": "run", "command_success": false, "command_wall_clock_time": 1.5755152, "process_in_blocks": "0", "process_kernel_time": 0.249347, "process_mem_max_rss": "182747136", "process_out_blocks": "0", "process_user_time": 1.021017}
[0m16:39:55.880962 [debug] [MainThread]: Command `dbt run` failed at 16:39:55.880800 after 1.58 seconds
[0m16:39:55.881446 [debug] [MainThread]: Sending event: {'category': 'dbt', 'action': 'invocation', 'label': 'end', 'context': [<snowplow_tracker.self_describing_json.SelfDescribingJson object at 0x1068eb2c0>, <snowplow_tracker.self_describing_json.SelfDescribingJson object at 0x10a00c3e0>, <snowplow_tracker.self_describing_json.SelfDescribingJson object at 0x10a391670>]}
[0m16:39:55.881841 [debug] [MainThread]: Flushing usage events
[0m16:39:56.660185 [debug] [MainThread]: An error was encountered while trying to flush usage events
[0m16:40:45.193068 [debug] [MainThread]: Sending event: {'category': 'dbt', 'action': 'invocation', 'label': 'start', 'context': [<snowplow_tracker.self_describing_json.SelfDescribingJson object at 0x104ed20c0>, <snowplow_tracker.self_describing_json.SelfDescribingJson object at 0x105e4ae10>, <snowplow_tracker.self_describing_json.SelfDescribingJson object at 0x105e4a7e0>]}


============================== 16:40:45.195745 | 28b88e59-5623-46d9-a039-ee382a436983 ==============================
[0m16:40:45.195745 [info ] [MainThread]: Running with dbt=1.12.3
[0m16:40:45.196007 [debug] [MainThread]: running dbt with arguments {'version_check': 'True', 'warn_error': 'None', 'introspect': 'True', 'warn_error_options': 'WarnErrorOptionsV2(error=[], warn=[], silence=[])', 'no_print': 'None', 'fail_fast': 'False', 'hints_enabled': 'True', 'printer_width': '80', 'maximum_seed_size_mib': '1', 'log_cache_events': 'False', 'write_json': 'True', 'empty': 'False', 'send_anonymous_usage_stats': 'True', 'invocation_command': 'dbt run', 'debug': 'False', 'log_format': 'default', 'cache_selected_only': 'False', 'target_path': 'None', 'static_parser': 'True', 'quiet': 'False', 'log_path': '/Users/uramasaharu/Documents/develop/gachi_dataengineer_pj/04_logistics_ver2/logistics_simulator/logs', 'use_colors': 'True', 'indirect_selection': 'eager', 'use_experimental_parser': 'False', 'profiles_dir': '/Users/uramasaharu/.dbt', 'partial_parse': 'True'}
[0m16:40:45.403480 [debug] [MainThread]: Snowflake adapter: Setting snowflake.connector to ERROR (file logging only)
[0m16:40:45.403710 [debug] [MainThread]: Snowflake adapter: Setting botocore to ERROR (file logging only)
[0m16:40:45.403833 [debug] [MainThread]: Snowflake adapter: Setting boto3 to ERROR (file logging only)
[0m16:40:45.496721 [debug] [MainThread]: Sending event: {'category': 'dbt', 'action': 'project_id', 'label': '28b88e59-5623-46d9-a039-ee382a436983', 'context': [<snowplow_tracker.self_describing_json.SelfDescribingJson object at 0x1085d55b0>]}
[0m16:40:45.518029 [debug] [MainThread]: Sending event: {'category': 'dbt', 'action': 'adapter_info', 'label': '28b88e59-5623-46d9-a039-ee382a436983', 'context': [<snowplow_tracker.self_describing_json.SelfDescribingJson object at 0x105efd190>]}
[0m16:40:45.518579 [info ] [MainThread]: Registered adapter: snowflake=1.12.0
[0m16:40:45.581901 [debug] [MainThread]: checksum: 461150643511e3fa788b8cb99fca0341d3ab88c665cbbf242aaee2d85637f7d4, vars: {}, profile: snowflake_trial_20260822, target: dev, version: 1.12.3
[0m16:40:45.668110 [debug] [MainThread]: Partial parsing enabled: 0 files deleted, 0 files added, 0 files changed.
[0m16:40:45.668310 [debug] [MainThread]: Nothing changed, skipping partial parsing.
[0m16:40:45.668427 [debug] [MainThread]: Partial parsing enabled, no changes found, skipping parsing
[0m16:40:45.672400 [debug] [MainThread]: Sending event: {'category': 'dbt', 'action': 'load_project', 'label': '28b88e59-5623-46d9-a039-ee382a436983', 'context': [<snowplow_tracker.self_describing_json.SelfDescribingJson object at 0x107df3560>]}
[0m16:40:45.739627 [debug] [MainThread]: Wrote artifact WritableManifest to /Users/uramasaharu/Documents/develop/gachi_dataengineer_pj/04_logistics_ver2/logistics_simulator/target/manifest.json
[0m16:40:45.741299 [debug] [MainThread]: Wrote artifact SemanticManifest to /Users/uramasaharu/Documents/develop/gachi_dataengineer_pj/04_logistics_ver2/logistics_simulator/target/semantic_manifest.json
[0m16:40:45.750615 [debug] [MainThread]: Wrote artifact OsiDocument to /Users/uramasaharu/Documents/develop/gachi_dataengineer_pj/04_logistics_ver2/logistics_simulator/target/osi_document.json
[0m16:40:45.756860 [debug] [MainThread]: Sending event: {'category': 'dbt', 'action': 'resource_counts', 'label': '28b88e59-5623-46d9-a039-ee382a436983', 'context': [<snowplow_tracker.self_describing_json.SelfDescribingJson object at 0x108b3f500>]}
[0m16:40:45.757047 [info ] [MainThread]: Found 12 models, 5 seeds, 51 data tests, 6 sources, 690 macros
[0m16:40:45.757188 [debug] [MainThread]: Sending event: {'category': 'dbt', 'action': 'runnable_timing', 'label': '28b88e59-5623-46d9-a039-ee382a436983', 'context': [<snowplow_tracker.self_describing_json.SelfDescribingJson object at 0x108e973e0>]}
[0m16:40:45.758255 [info ] [MainThread]: 
[0m16:40:45.758402 [info ] [MainThread]: Concurrency: 1 threads (target='dev')
[0m16:40:45.758515 [info ] [MainThread]: 
[0m16:40:45.758737 [debug] [MainThread]: Acquiring new snowflake connection 'master'
[0m16:40:45.760573 [debug] [ThreadPool]: Acquiring new snowflake connection 'list_DBT_LOGISTICS'
[0m16:40:45.766790 [debug] [ThreadPool]: Using snowflake connection "list_DBT_LOGISTICS"
[0m16:40:45.766968 [debug] [ThreadPool]: On list_DBT_LOGISTICS: show terse schemas in database DBT_LOGISTICS
    limit 10000
/* {"app": "dbt", "dbt_version": "1.12.3", "profile_name": "snowflake_trial_20260822", "target_name": "dev", "connection_name": "list_DBT_LOGISTICS"} */
[0m16:40:45.767083 [debug] [ThreadPool]: Opening a new connection, currently in state init
[0m16:40:46.398743 [debug] [ThreadPool]: SQL status: SUCCESS 2 in 0.631 seconds
[0m16:40:46.403295 [debug] [ThreadPool]: Using snowflake connection "list_DBT_LOGISTICS"
[0m16:40:46.403937 [debug] [ThreadPool]: On list_DBT_LOGISTICS: show terse schemas in database DBT_LOGISTICS
    limit 10000
/* {"app": "dbt", "dbt_version": "1.12.3", "profile_name": "snowflake_trial_20260822", "target_name": "dev", "connection_name": "list_DBT_LOGISTICS"} */
[0m16:40:46.480022 [debug] [ThreadPool]: SQL status: SUCCESS 2 in 0.076 seconds
[0m16:40:46.484291 [debug] [ThreadPool]: Using snowflake connection "list_DBT_LOGISTICS"
[0m16:40:46.484794 [debug] [ThreadPool]: On list_DBT_LOGISTICS: show terse schemas in database DBT_LOGISTICS
    limit 10000
/* {"app": "dbt", "dbt_version": "1.12.3", "profile_name": "snowflake_trial_20260822", "target_name": "dev", "connection_name": "list_DBT_LOGISTICS"} */
[0m16:40:46.537984 [debug] [ThreadPool]: SQL status: SUCCESS 2 in 0.053 seconds
[0m16:40:46.542774 [debug] [ThreadPool]: Re-using an available connection from the pool (formerly list_DBT_LOGISTICS, now create_DBT_LOGISTICS_PUBLIC_ANALYTICS)
[0m16:40:46.544124 [debug] [ThreadPool]: Creating schema "database: "DBT_LOGISTICS"
schema: "PUBLIC_ANALYTICS"
"
[0m16:40:46.549212 [debug] [ThreadPool]: Using snowflake connection "create_DBT_LOGISTICS_PUBLIC_ANALYTICS"
[0m16:40:46.549668 [debug] [ThreadPool]: On create_DBT_LOGISTICS_PUBLIC_ANALYTICS: create schema if not exists DBT_LOGISTICS.PUBLIC_ANALYTICS
/* {"app": "dbt", "dbt_version": "1.12.3", "profile_name": "snowflake_trial_20260822", "target_name": "dev", "connection_name": "create_DBT_LOGISTICS_PUBLIC_ANALYTICS"} */
[0m16:40:46.612964 [debug] [ThreadPool]: Snowflake adapter: Snowflake query id: 01c68e2c-0104-7997-0005-1826000301c6
[0m16:40:46.613633 [debug] [ThreadPool]: Snowflake adapter: Snowflake error: 003001 (42501): SQL access control error:
Insufficient privileges to operate on database 'DBT_LOGISTICS'. Your primary role SYSADMIN must have CREATE SCHEMA granted on DATABASE DBT_LOGISTICS.
[0m16:40:46.614227 [debug] [ThreadPool]: Snowflake adapter: Error running SQL: macro create_schema
[0m16:40:46.614617 [debug] [ThreadPool]: Snowflake adapter: Rolling back transaction.
[0m16:40:46.615507 [debug] [ThreadPool]: Re-using an available connection from the pool (formerly create_DBT_LOGISTICS_PUBLIC_ANALYTICS, now create_DBT_LOGISTICS_PUBLIC_INTERMEDIATE)
[0m16:40:46.616173 [debug] [ThreadPool]: Creating schema "database: "DBT_LOGISTICS"
schema: "PUBLIC_INTERMEDIATE"
"
[0m16:40:46.617931 [debug] [ThreadPool]: Using snowflake connection "create_DBT_LOGISTICS_PUBLIC_INTERMEDIATE"
[0m16:40:46.618273 [debug] [ThreadPool]: On create_DBT_LOGISTICS_PUBLIC_INTERMEDIATE: create schema if not exists DBT_LOGISTICS.PUBLIC_INTERMEDIATE
/* {"app": "dbt", "dbt_version": "1.12.3", "profile_name": "snowflake_trial_20260822", "target_name": "dev", "connection_name": "create_DBT_LOGISTICS_PUBLIC_INTERMEDIATE"} */
[0m16:40:46.685206 [debug] [ThreadPool]: Snowflake adapter: Snowflake query id: 01c68e2c-0104-7a0e-0005-18260002929a
[0m16:40:46.686156 [debug] [ThreadPool]: Snowflake adapter: Snowflake error: 003001 (42501): SQL access control error:
Insufficient privileges to operate on database 'DBT_LOGISTICS'. Your primary role SYSADMIN must have CREATE SCHEMA granted on DATABASE DBT_LOGISTICS.
[0m16:40:46.686717 [debug] [ThreadPool]: Snowflake adapter: Error running SQL: macro create_schema
[0m16:40:46.687047 [debug] [ThreadPool]: Snowflake adapter: Rolling back transaction.
[0m16:40:46.687862 [debug] [ThreadPool]: Re-using an available connection from the pool (formerly create_DBT_LOGISTICS_PUBLIC_INTERMEDIATE, now create_DBT_LOGISTICS_PUBLIC_STAGING)
[0m16:40:46.688378 [debug] [ThreadPool]: Creating schema "database: "DBT_LOGISTICS"
schema: "PUBLIC_STAGING"
"
[0m16:40:46.690472 [debug] [ThreadPool]: Using snowflake connection "create_DBT_LOGISTICS_PUBLIC_STAGING"
[0m16:40:46.690900 [debug] [ThreadPool]: On create_DBT_LOGISTICS_PUBLIC_STAGING: create schema if not exists DBT_LOGISTICS.PUBLIC_STAGING
/* {"app": "dbt", "dbt_version": "1.12.3", "profile_name": "snowflake_trial_20260822", "target_name": "dev", "connection_name": "create_DBT_LOGISTICS_PUBLIC_STAGING"} */
[0m16:40:46.743510 [debug] [ThreadPool]: Snowflake adapter: Snowflake query id: 01c68e2c-0104-7997-0005-1826000301ca
[0m16:40:46.744717 [debug] [ThreadPool]: Snowflake adapter: Snowflake error: 003001 (42501): SQL access control error:
Insufficient privileges to operate on database 'DBT_LOGISTICS'. Your primary role SYSADMIN must have CREATE SCHEMA granted on DATABASE DBT_LOGISTICS.
[0m16:40:46.745779 [debug] [ThreadPool]: Snowflake adapter: Error running SQL: macro create_schema
[0m16:40:46.746449 [debug] [ThreadPool]: Snowflake adapter: Rolling back transaction.
[0m16:40:46.748117 [debug] [MainThread]: Connection 'master' was properly closed.
[0m16:40:46.748525 [debug] [MainThread]: Connection 'create_DBT_LOGISTICS_PUBLIC_STAGING' was left open.
[0m16:40:46.748808 [debug] [MainThread]: On create_DBT_LOGISTICS_PUBLIC_STAGING: Close
[0m16:40:46.820069 [info ] [MainThread]: 
[0m16:40:46.821033 [info ] [MainThread]: Finished running  in 0 hours 0 minutes and 1.06 seconds (1.06s).
[0m16:40:46.821884 [error] [MainThread]: [[31mERROR[0m]: Encountered an error:
Database Error
  003001 (42501): SQL access control error:
  Insufficient privileges to operate on database 'DBT_LOGISTICS'. Your primary role SYSADMIN must have CREATE SCHEMA granted on DATABASE DBT_LOGISTICS.
[0m16:40:46.826799 [debug] [MainThread]: Resource report: {"command_name": "run", "command_success": false, "command_wall_clock_time": 1.6678678, "process_in_blocks": "0", "process_kernel_time": 0.242239, "process_mem_max_rss": "182697984", "process_out_blocks": "0", "process_user_time": 1.042587}
[0m16:40:46.827537 [debug] [MainThread]: Command `dbt run` failed at 16:40:46.827429 after 1.67 seconds
[0m16:40:46.828032 [debug] [MainThread]: Sending event: {'category': 'dbt', 'action': 'invocation', 'label': 'end', 'context': [<snowplow_tracker.self_describing_json.SelfDescribingJson object at 0x1003b6e70>, <snowplow_tracker.self_describing_json.SelfDescribingJson object at 0x108e94ef0>, <snowplow_tracker.self_describing_json.SelfDescribingJson object at 0x108691310>]}
[0m16:40:46.828457 [debug] [MainThread]: Flushing usage events
[0m16:40:47.547568 [debug] [MainThread]: An error was encountered while trying to flush usage events
[0m16:42:42.304686 [debug] [MainThread]: Sending event: {'category': 'dbt', 'action': 'invocation', 'label': 'start', 'context': [<snowplow_tracker.self_describing_json.SelfDescribingJson object at 0x10add6000>, <snowplow_tracker.self_describing_json.SelfDescribingJson object at 0x10ae4ee10>, <snowplow_tracker.self_describing_json.SelfDescribingJson object at 0x10ae4e450>]}


============================== 16:42:42.306876 | c6139359-48d6-4c89-9174-719e903d9cfa ==============================
[0m16:42:42.306876 [info ] [MainThread]: Running with dbt=1.12.3
[0m16:42:42.307164 [debug] [MainThread]: running dbt with arguments {'target_path': 'None', 'version_check': 'True', 'use_colors': 'True', 'profiles_dir': '/Users/uramasaharu/.dbt', 'quiet': 'False', 'cache_selected_only': 'False', 'introspect': 'True', 'log_path': '/Users/uramasaharu/Documents/develop/gachi_dataengineer_pj/04_logistics_ver2/logistics_simulator/logs', 'no_print': 'None', 'hints_enabled': 'True', 'maximum_seed_size_mib': '1', 'indirect_selection': 'eager', 'use_experimental_parser': 'False', 'fail_fast': 'False', 'send_anonymous_usage_stats': 'True', 'warn_error': 'None', 'empty': 'False', 'log_format': 'default', 'printer_width': '80', 'log_cache_events': 'False', 'debug': 'False', 'invocation_command': 'dbt run', 'partial_parse': 'True', 'static_parser': 'True', 'write_json': 'True', 'warn_error_options': 'WarnErrorOptionsV2(error=[], warn=[], silence=[])'}
[0m16:42:42.506426 [debug] [MainThread]: Snowflake adapter: Setting snowflake.connector to ERROR (file logging only)
[0m16:42:42.506693 [debug] [MainThread]: Snowflake adapter: Setting botocore to ERROR (file logging only)
[0m16:42:42.506828 [debug] [MainThread]: Snowflake adapter: Setting boto3 to ERROR (file logging only)
[0m16:42:42.598980 [debug] [MainThread]: Sending event: {'category': 'dbt', 'action': 'project_id', 'label': 'c6139359-48d6-4c89-9174-719e903d9cfa', 'context': [<snowplow_tracker.self_describing_json.SelfDescribingJson object at 0x10ae24980>]}
[0m16:42:42.620574 [debug] [MainThread]: Sending event: {'category': 'dbt', 'action': 'adapter_info', 'label': 'c6139359-48d6-4c89-9174-719e903d9cfa', 'context': [<snowplow_tracker.self_describing_json.SelfDescribingJson object at 0x10974be00>]}
[0m16:42:42.621128 [info ] [MainThread]: Registered adapter: snowflake=1.12.0
[0m16:42:42.680539 [debug] [MainThread]: checksum: 461150643511e3fa788b8cb99fca0341d3ab88c665cbbf242aaee2d85637f7d4, vars: {}, profile: snowflake_trial_20260822, target: dev, version: 1.12.3
[0m16:42:42.769262 [debug] [MainThread]: Partial parsing enabled: 0 files deleted, 0 files added, 0 files changed.
[0m16:42:42.769474 [debug] [MainThread]: Nothing changed, skipping partial parsing.
[0m16:42:42.769589 [debug] [MainThread]: Partial parsing enabled, no changes found, skipping parsing
[0m16:42:42.773504 [debug] [MainThread]: Sending event: {'category': 'dbt', 'action': 'load_project', 'label': 'c6139359-48d6-4c89-9174-719e903d9cfa', 'context': [<snowplow_tracker.self_describing_json.SelfDescribingJson object at 0x10dbeedb0>]}
[0m16:42:42.840343 [debug] [MainThread]: Wrote artifact WritableManifest to /Users/uramasaharu/Documents/develop/gachi_dataengineer_pj/04_logistics_ver2/logistics_simulator/target/manifest.json
[0m16:42:42.841889 [debug] [MainThread]: Wrote artifact SemanticManifest to /Users/uramasaharu/Documents/develop/gachi_dataengineer_pj/04_logistics_ver2/logistics_simulator/target/semantic_manifest.json
[0m16:42:42.851291 [debug] [MainThread]: Wrote artifact OsiDocument to /Users/uramasaharu/Documents/develop/gachi_dataengineer_pj/04_logistics_ver2/logistics_simulator/target/osi_document.json
[0m16:42:42.857489 [debug] [MainThread]: Sending event: {'category': 'dbt', 'action': 'resource_counts', 'label': 'c6139359-48d6-4c89-9174-719e903d9cfa', 'context': [<snowplow_tracker.self_describing_json.SelfDescribingJson object at 0x10e23d970>]}
[0m16:42:42.857686 [info ] [MainThread]: Found 12 models, 5 seeds, 51 data tests, 6 sources, 690 macros
[0m16:42:42.857829 [debug] [MainThread]: Sending event: {'category': 'dbt', 'action': 'runnable_timing', 'label': 'c6139359-48d6-4c89-9174-719e903d9cfa', 'context': [<snowplow_tracker.self_describing_json.SelfDescribingJson object at 0x10ae7e690>]}
[0m16:42:42.858915 [info ] [MainThread]: 
[0m16:42:42.859061 [info ] [MainThread]: Concurrency: 1 threads (target='dev')
[0m16:42:42.859174 [info ] [MainThread]: 
[0m16:42:42.859384 [debug] [MainThread]: Acquiring new snowflake connection 'master'
[0m16:42:42.861205 [debug] [ThreadPool]: Acquiring new snowflake connection 'list_DBT_LOGISTICS'
[0m16:42:42.867292 [debug] [ThreadPool]: Using snowflake connection "list_DBT_LOGISTICS"
[0m16:42:42.867461 [debug] [ThreadPool]: On list_DBT_LOGISTICS: show terse schemas in database DBT_LOGISTICS
    limit 10000
/* {"app": "dbt", "dbt_version": "1.12.3", "profile_name": "snowflake_trial_20260822", "target_name": "dev", "connection_name": "list_DBT_LOGISTICS"} */
[0m16:42:42.867576 [debug] [ThreadPool]: Opening a new connection, currently in state init
[0m16:42:43.407451 [debug] [ThreadPool]: SQL status: SUCCESS 2 in 0.540 seconds
[0m16:42:43.412211 [debug] [ThreadPool]: Using snowflake connection "list_DBT_LOGISTICS"
[0m16:42:43.412752 [debug] [ThreadPool]: On list_DBT_LOGISTICS: show terse schemas in database DBT_LOGISTICS
    limit 10000
/* {"app": "dbt", "dbt_version": "1.12.3", "profile_name": "snowflake_trial_20260822", "target_name": "dev", "connection_name": "list_DBT_LOGISTICS"} */
[0m16:42:43.469820 [debug] [ThreadPool]: SQL status: SUCCESS 2 in 0.056 seconds
[0m16:42:43.475325 [debug] [ThreadPool]: Using snowflake connection "list_DBT_LOGISTICS"
[0m16:42:43.475939 [debug] [ThreadPool]: On list_DBT_LOGISTICS: show terse schemas in database DBT_LOGISTICS
    limit 10000
/* {"app": "dbt", "dbt_version": "1.12.3", "profile_name": "snowflake_trial_20260822", "target_name": "dev", "connection_name": "list_DBT_LOGISTICS"} */
[0m16:42:43.559480 [debug] [ThreadPool]: SQL status: SUCCESS 2 in 0.083 seconds
[0m16:42:43.564036 [debug] [ThreadPool]: Re-using an available connection from the pool (formerly list_DBT_LOGISTICS, now create_DBT_LOGISTICS_PUBLIC_ANALYTICS)
[0m16:42:43.564767 [debug] [ThreadPool]: Creating schema "database: "DBT_LOGISTICS"
schema: "PUBLIC_ANALYTICS"
"
[0m16:42:43.568360 [debug] [ThreadPool]: Using snowflake connection "create_DBT_LOGISTICS_PUBLIC_ANALYTICS"
[0m16:42:43.568693 [debug] [ThreadPool]: On create_DBT_LOGISTICS_PUBLIC_ANALYTICS: create schema if not exists DBT_LOGISTICS.PUBLIC_ANALYTICS
/* {"app": "dbt", "dbt_version": "1.12.3", "profile_name": "snowflake_trial_20260822", "target_name": "dev", "connection_name": "create_DBT_LOGISTICS_PUBLIC_ANALYTICS"} */
[0m16:42:43.651425 [debug] [ThreadPool]: SQL status: SUCCESS 1 in 0.082 seconds
[0m16:42:43.655405 [debug] [ThreadPool]: Re-using an available connection from the pool (formerly create_DBT_LOGISTICS_PUBLIC_ANALYTICS, now create_DBT_LOGISTICS_PUBLIC_STAGING)
[0m16:42:43.656842 [debug] [ThreadPool]: Creating schema "database: "DBT_LOGISTICS"
schema: "PUBLIC_STAGING"
"
[0m16:42:43.659976 [debug] [ThreadPool]: Using snowflake connection "create_DBT_LOGISTICS_PUBLIC_STAGING"
[0m16:42:43.660802 [debug] [ThreadPool]: On create_DBT_LOGISTICS_PUBLIC_STAGING: create schema if not exists DBT_LOGISTICS.PUBLIC_STAGING
/* {"app": "dbt", "dbt_version": "1.12.3", "profile_name": "snowflake_trial_20260822", "target_name": "dev", "connection_name": "create_DBT_LOGISTICS_PUBLIC_STAGING"} */
[0m16:42:43.760884 [debug] [ThreadPool]: SQL status: SUCCESS 1 in 0.100 seconds
[0m16:42:43.764356 [debug] [ThreadPool]: Re-using an available connection from the pool (formerly create_DBT_LOGISTICS_PUBLIC_STAGING, now create_DBT_LOGISTICS_PUBLIC_INTERMEDIATE)
[0m16:42:43.765011 [debug] [ThreadPool]: Creating schema "database: "DBT_LOGISTICS"
schema: "PUBLIC_INTERMEDIATE"
"
[0m16:42:43.766712 [debug] [ThreadPool]: Using snowflake connection "create_DBT_LOGISTICS_PUBLIC_INTERMEDIATE"
[0m16:42:43.767095 [debug] [ThreadPool]: On create_DBT_LOGISTICS_PUBLIC_INTERMEDIATE: create schema if not exists DBT_LOGISTICS.PUBLIC_INTERMEDIATE
/* {"app": "dbt", "dbt_version": "1.12.3", "profile_name": "snowflake_trial_20260822", "target_name": "dev", "connection_name": "create_DBT_LOGISTICS_PUBLIC_INTERMEDIATE"} */
[0m16:42:43.839300 [debug] [ThreadPool]: SQL status: SUCCESS 1 in 0.072 seconds
[0m16:42:43.844763 [debug] [ThreadPool]: Re-using an available connection from the pool (formerly create_DBT_LOGISTICS_PUBLIC_INTERMEDIATE, now list_DBT_LOGISTICS_PUBLIC_ANALYTICS)
[0m16:42:43.857568 [debug] [ThreadPool]: Using snowflake connection "list_DBT_LOGISTICS_PUBLIC_ANALYTICS"
[0m16:42:43.857932 [debug] [ThreadPool]: On list_DBT_LOGISTICS_PUBLIC_ANALYTICS: show objects in DBT_LOGISTICS.PUBLIC_ANALYTICS
    limit 10000
    

/* {"app": "dbt", "dbt_version": "1.12.3", "profile_name": "snowflake_trial_20260822", "target_name": "dev", "connection_name": "list_DBT_LOGISTICS_PUBLIC_ANALYTICS"} */;
[0m16:42:43.943955 [debug] [ThreadPool]: SQL status: SUCCESS 0 in 0.085 seconds
[0m16:42:43.949757 [debug] [ThreadPool]: Using snowflake connection "list_DBT_LOGISTICS_PUBLIC_ANALYTICS"
[0m16:42:43.950166 [debug] [ThreadPool]: On list_DBT_LOGISTICS_PUBLIC_ANALYTICS: show user functions in DBT_LOGISTICS.PUBLIC_ANALYTICS
/* {"app": "dbt", "dbt_version": "1.12.3", "profile_name": "snowflake_trial_20260822", "target_name": "dev", "connection_name": "list_DBT_LOGISTICS_PUBLIC_ANALYTICS"} */
[0m16:42:44.033913 [debug] [ThreadPool]: SQL status: SUCCESS 0 in 0.083 seconds
[0m16:42:44.035023 [debug] [ThreadPool]: Re-using an available connection from the pool (formerly list_DBT_LOGISTICS_PUBLIC_ANALYTICS, now list_DBT_LOGISTICS_PUBLIC_STAGING)
[0m16:42:44.036055 [debug] [ThreadPool]: Using snowflake connection "list_DBT_LOGISTICS_PUBLIC_STAGING"
[0m16:42:44.036271 [debug] [ThreadPool]: On list_DBT_LOGISTICS_PUBLIC_STAGING: show objects in DBT_LOGISTICS.PUBLIC_STAGING
    limit 10000
    

/* {"app": "dbt", "dbt_version": "1.12.3", "profile_name": "snowflake_trial_20260822", "target_name": "dev", "connection_name": "list_DBT_LOGISTICS_PUBLIC_STAGING"} */;
[0m16:42:44.105887 [debug] [ThreadPool]: SQL status: SUCCESS 0 in 0.069 seconds
[0m16:42:44.107264 [debug] [ThreadPool]: Using snowflake connection "list_DBT_LOGISTICS_PUBLIC_STAGING"
[0m16:42:44.107450 [debug] [ThreadPool]: On list_DBT_LOGISTICS_PUBLIC_STAGING: show user functions in DBT_LOGISTICS.PUBLIC_STAGING
/* {"app": "dbt", "dbt_version": "1.12.3", "profile_name": "snowflake_trial_20260822", "target_name": "dev", "connection_name": "list_DBT_LOGISTICS_PUBLIC_STAGING"} */
[0m16:42:44.166241 [debug] [ThreadPool]: SQL status: SUCCESS 0 in 0.059 seconds
[0m16:42:44.167374 [debug] [ThreadPool]: Re-using an available connection from the pool (formerly list_DBT_LOGISTICS_PUBLIC_STAGING, now list_DBT_LOGISTICS_PUBLIC_SEEDS)
[0m16:42:44.168548 [debug] [ThreadPool]: Using snowflake connection "list_DBT_LOGISTICS_PUBLIC_SEEDS"
[0m16:42:44.168787 [debug] [ThreadPool]: On list_DBT_LOGISTICS_PUBLIC_SEEDS: show objects in DBT_LOGISTICS.PUBLIC_SEEDS
    limit 10000
    

/* {"app": "dbt", "dbt_version": "1.12.3", "profile_name": "snowflake_trial_20260822", "target_name": "dev", "connection_name": "list_DBT_LOGISTICS_PUBLIC_SEEDS"} */;
[0m16:42:44.234673 [debug] [ThreadPool]: Snowflake adapter: Snowflake query id: 01c68e2e-0104-7997-0005-182600030202
[0m16:42:44.235541 [debug] [ThreadPool]: Snowflake adapter: Snowflake error: 002043 (02000): SQL compilation error:
Object does not exist, or operation cannot be performed.
[0m16:42:44.236294 [debug] [ThreadPool]: Snowflake adapter: Error running SQL: macro list_relations_without_caching
[0m16:42:44.236668 [debug] [ThreadPool]: Snowflake adapter: Rolling back transaction.
[0m16:42:44.237551 [debug] [ThreadPool]: Re-using an available connection from the pool (formerly list_DBT_LOGISTICS_PUBLIC_SEEDS, now list_DBT_LOGISTICS_PUBLIC_INTERMEDIATE)
[0m16:42:44.239204 [debug] [ThreadPool]: Using snowflake connection "list_DBT_LOGISTICS_PUBLIC_INTERMEDIATE"
[0m16:42:44.239532 [debug] [ThreadPool]: On list_DBT_LOGISTICS_PUBLIC_INTERMEDIATE: show objects in DBT_LOGISTICS.PUBLIC_INTERMEDIATE
    limit 10000
    

/* {"app": "dbt", "dbt_version": "1.12.3", "profile_name": "snowflake_trial_20260822", "target_name": "dev", "connection_name": "list_DBT_LOGISTICS_PUBLIC_INTERMEDIATE"} */;
[0m16:42:44.299565 [debug] [ThreadPool]: SQL status: SUCCESS 0 in 0.060 seconds
[0m16:42:44.303973 [debug] [ThreadPool]: Using snowflake connection "list_DBT_LOGISTICS_PUBLIC_INTERMEDIATE"
[0m16:42:44.304506 [debug] [ThreadPool]: On list_DBT_LOGISTICS_PUBLIC_INTERMEDIATE: show user functions in DBT_LOGISTICS.PUBLIC_INTERMEDIATE
/* {"app": "dbt", "dbt_version": "1.12.3", "profile_name": "snowflake_trial_20260822", "target_name": "dev", "connection_name": "list_DBT_LOGISTICS_PUBLIC_INTERMEDIATE"} */
[0m16:42:44.371799 [debug] [ThreadPool]: SQL status: SUCCESS 0 in 0.067 seconds
[0m16:42:44.376098 [debug] [MainThread]: Sending event: {'category': 'dbt', 'action': 'runnable_timing', 'label': 'c6139359-48d6-4c89-9174-719e903d9cfa', 'context': [<snowplow_tracker.self_describing_json.SelfDescribingJson object at 0x10e010a10>]}
[0m16:42:44.381484 [debug] [Thread-2 (]: Began running node model.logistics_simulator_v2.stg_DEV_SEEDS__CO2_EMISSION
[0m16:42:44.382352 [info ] [Thread-2 (]: 1 of 12 START sql view model PUBLIC_STAGING.stg_DEV_SEEDS__CO2_EMISSION ........ [RUN]
[0m16:42:44.383000 [debug] [Thread-2 (]: Re-using an available connection from the pool (formerly list_DBT_LOGISTICS_PUBLIC_INTERMEDIATE, now model.logistics_simulator_v2.stg_DEV_SEEDS__CO2_EMISSION)
[0m16:42:44.383451 [debug] [Thread-2 (]: Began compiling node model.logistics_simulator_v2.stg_DEV_SEEDS__CO2_EMISSION
[0m16:42:44.392705 [debug] [Thread-2 (]: Writing injected SQL for node "model.logistics_simulator_v2.stg_DEV_SEEDS__CO2_EMISSION"
[0m16:42:44.394237 [debug] [Thread-2 (]: Began executing node model.logistics_simulator_v2.stg_DEV_SEEDS__CO2_EMISSION
[0m16:42:44.415810 [debug] [Thread-2 (]: Writing runtime sql for node "model.logistics_simulator_v2.stg_DEV_SEEDS__CO2_EMISSION"
[0m16:42:44.416882 [debug] [Thread-2 (]: Using snowflake connection "model.logistics_simulator_v2.stg_DEV_SEEDS__CO2_EMISSION"
[0m16:42:44.417142 [debug] [Thread-2 (]: On model.logistics_simulator_v2.stg_DEV_SEEDS__CO2_EMISSION: create or replace   view DBT_LOGISTICS.PUBLIC_STAGING.stg_DEV_SEEDS__CO2_EMISSION
  
  
  
  
  as (
    with source as (
        select * from DBT_LOGISTICS.DEV_SEEDS.CO2_EMISSION
  ),
  renamed as (
      select
          "TRANSPORT_MODE",
        "VEHICLE_TYPE",
        "AIR_DISTANCE",
        "SEA_SIZE",
        "SEA_FUEL_TYPE",
        "WTW_CO2_G_T_KM",
        "TTW_CO2_G_T_KM"

      from source
  )
  select * from renamed
  )
/* {"app": "dbt", "dbt_version": "1.12.3", "profile_name": "snowflake_trial_20260822", "target_name": "dev", "node_id": "model.logistics_simulator_v2.stg_DEV_SEEDS__CO2_EMISSION"} */;
[0m16:42:44.481175 [debug] [Thread-2 (]: Snowflake adapter: Snowflake query id: 01c68e2e-0104-7997-0005-18260003020a
[0m16:42:44.481551 [debug] [Thread-2 (]: Snowflake adapter: Snowflake error: 002003 (02000): SQL compilation error:
Schema 'DBT_LOGISTICS.DEV_SEEDS' does not exist or not authorized.
[0m16:42:44.485375 [debug] [Thread-2 (]: Database Error in model stg_DEV_SEEDS__CO2_EMISSION (models/staging/stg_DEV_SEEDS__CO2_EMISSION.sql)
  002003 (02000): SQL compilation error:
  Schema 'DBT_LOGISTICS.DEV_SEEDS' does not exist or not authorized.
  compiled code at target/run/logistics_simulator_v2/models/staging/stg_DEV_SEEDS__CO2_EMISSION.sql
[0m16:42:44.486894 [debug] [Thread-2 (]: Sending event: {'category': 'dbt', 'action': 'run_model', 'label': 'c6139359-48d6-4c89-9174-719e903d9cfa', 'context': [<snowplow_tracker.self_describing_json.SelfDescribingJson object at 0x10adbeff0>]}
[0m16:42:44.487401 [error] [Thread-2 (]: 1 of 12 ERROR creating sql view model PUBLIC_STAGING.stg_DEV_SEEDS__CO2_EMISSION  [[31mERROR[0m in 0.10s]
[0m16:42:44.487839 [debug] [Thread-2 (]: Finished running node model.logistics_simulator_v2.stg_DEV_SEEDS__CO2_EMISSION
[0m16:42:44.488138 [debug] [Thread-2 (]: Began running node model.logistics_simulator_v2.stg_DEV_SEEDS__DIM_CARBON_TAX_RATES
[0m16:42:44.488505 [debug] [Thread-5 (]: Marking all children of 'model.logistics_simulator_v2.stg_DEV_SEEDS__CO2_EMISSION' to be skipped because of status 'error'.  Reason: Database Error in model stg_DEV_SEEDS__CO2_EMISSION (models/staging/stg_DEV_SEEDS__CO2_EMISSION.sql)
  002003 (02000): SQL compilation error:
  Schema 'DBT_LOGISTICS.DEV_SEEDS' does not exist or not authorized.
  compiled code at target/run/logistics_simulator_v2/models/staging/stg_DEV_SEEDS__CO2_EMISSION.sql.
[0m16:42:44.488889 [info ] [Thread-2 (]: 2 of 12 START sql view model PUBLIC_STAGING.stg_DEV_SEEDS__DIM_CARBON_TAX_RATES  [RUN]
[0m16:42:44.489782 [debug] [Thread-2 (]: Re-using an available connection from the pool (formerly model.logistics_simulator_v2.stg_DEV_SEEDS__CO2_EMISSION, now model.logistics_simulator_v2.stg_DEV_SEEDS__DIM_CARBON_TAX_RATES)
[0m16:42:44.490076 [debug] [Thread-2 (]: Began compiling node model.logistics_simulator_v2.stg_DEV_SEEDS__DIM_CARBON_TAX_RATES
[0m16:42:44.492073 [debug] [Thread-2 (]: Writing injected SQL for node "model.logistics_simulator_v2.stg_DEV_SEEDS__DIM_CARBON_TAX_RATES"
[0m16:42:44.492579 [debug] [Thread-2 (]: Began executing node model.logistics_simulator_v2.stg_DEV_SEEDS__DIM_CARBON_TAX_RATES
[0m16:42:44.494189 [debug] [Thread-2 (]: Writing runtime sql for node "model.logistics_simulator_v2.stg_DEV_SEEDS__DIM_CARBON_TAX_RATES"
[0m16:42:44.495027 [debug] [Thread-2 (]: Using snowflake connection "model.logistics_simulator_v2.stg_DEV_SEEDS__DIM_CARBON_TAX_RATES"
[0m16:42:44.495316 [debug] [Thread-2 (]: On model.logistics_simulator_v2.stg_DEV_SEEDS__DIM_CARBON_TAX_RATES: create or replace   view DBT_LOGISTICS.PUBLIC_STAGING.stg_DEV_SEEDS__DIM_CARBON_TAX_RATES
  
  
  
  
  as (
    with source as (
        select * from DBT_LOGISTICS.DEV_SEEDS.DIM_CARBON_TAX_RATES
  ),
  renamed as (
      select
          "COUNTRY_CD_2CHAR",
        "COUNTRY_CD_3CHAR",
        "COUNTRY_NAME",
        "BASE_POINT",
        "CARBON_TAX_PER_T_CO2"

      from source
  )
  select * from renamed
  )
/* {"app": "dbt", "dbt_version": "1.12.3", "profile_name": "snowflake_trial_20260822", "target_name": "dev", "node_id": "model.logistics_simulator_v2.stg_DEV_SEEDS__DIM_CARBON_TAX_RATES"} */;
[0m16:42:44.555276 [debug] [Thread-2 (]: Snowflake adapter: Snowflake query id: 01c68e2e-0104-7997-0005-18260003020e
[0m16:42:44.555676 [debug] [Thread-2 (]: Snowflake adapter: Snowflake error: 002003 (02000): SQL compilation error:
Schema 'DBT_LOGISTICS.DEV_SEEDS' does not exist or not authorized.
[0m16:42:44.558724 [debug] [Thread-2 (]: Database Error in model stg_DEV_SEEDS__DIM_CARBON_TAX_RATES (models/staging/stg_DEV_SEEDS__DIM_CARBON_TAX_RATES.sql)
  002003 (02000): SQL compilation error:
  Schema 'DBT_LOGISTICS.DEV_SEEDS' does not exist or not authorized.
  compiled code at target/run/logistics_simulator_v2/models/staging/stg_DEV_SEEDS__DIM_CARBON_TAX_RATES.sql
[0m16:42:44.559151 [debug] [Thread-2 (]: Sending event: {'category': 'dbt', 'action': 'run_model', 'label': 'c6139359-48d6-4c89-9174-719e903d9cfa', 'context': [<snowplow_tracker.self_describing_json.SelfDescribingJson object at 0x10e95a0f0>]}
[0m16:42:44.559690 [error] [Thread-2 (]: 2 of 12 ERROR creating sql view model PUBLIC_STAGING.stg_DEV_SEEDS__DIM_CARBON_TAX_RATES  [[31mERROR[0m in 0.07s]
[0m16:42:44.560173 [debug] [Thread-2 (]: Finished running node model.logistics_simulator_v2.stg_DEV_SEEDS__DIM_CARBON_TAX_RATES
[0m16:42:44.560513 [debug] [Thread-2 (]: Began running node model.logistics_simulator_v2.stg_DEV_SEEDS__DIM_TRANSPORT_FUEL
[0m16:42:44.560908 [debug] [Thread-5 (]: Marking all children of 'model.logistics_simulator_v2.stg_DEV_SEEDS__DIM_CARBON_TAX_RATES' to be skipped because of status 'error'.  Reason: Database Error in model stg_DEV_SEEDS__DIM_CARBON_TAX_RATES (models/staging/stg_DEV_SEEDS__DIM_CARBON_TAX_RATES.sql)
  002003 (02000): SQL compilation error:
  Schema 'DBT_LOGISTICS.DEV_SEEDS' does not exist or not authorized.
  compiled code at target/run/logistics_simulator_v2/models/staging/stg_DEV_SEEDS__DIM_CARBON_TAX_RATES.sql.
[0m16:42:44.561286 [info ] [Thread-2 (]: 3 of 12 START sql view model PUBLIC_STAGING.stg_DEV_SEEDS__DIM_TRANSPORT_FUEL .. [RUN]
[0m16:42:44.561760 [debug] [Thread-2 (]: Re-using an available connection from the pool (formerly model.logistics_simulator_v2.stg_DEV_SEEDS__DIM_CARBON_TAX_RATES, now model.logistics_simulator_v2.stg_DEV_SEEDS__DIM_TRANSPORT_FUEL)
[0m16:42:44.562067 [debug] [Thread-2 (]: Began compiling node model.logistics_simulator_v2.stg_DEV_SEEDS__DIM_TRANSPORT_FUEL
[0m16:42:44.564498 [debug] [Thread-2 (]: Writing injected SQL for node "model.logistics_simulator_v2.stg_DEV_SEEDS__DIM_TRANSPORT_FUEL"
[0m16:42:44.565169 [debug] [Thread-2 (]: Began executing node model.logistics_simulator_v2.stg_DEV_SEEDS__DIM_TRANSPORT_FUEL
[0m16:42:44.567933 [debug] [Thread-2 (]: Writing runtime sql for node "model.logistics_simulator_v2.stg_DEV_SEEDS__DIM_TRANSPORT_FUEL"
[0m16:42:44.568843 [debug] [Thread-2 (]: Using snowflake connection "model.logistics_simulator_v2.stg_DEV_SEEDS__DIM_TRANSPORT_FUEL"
[0m16:42:44.569175 [debug] [Thread-2 (]: On model.logistics_simulator_v2.stg_DEV_SEEDS__DIM_TRANSPORT_FUEL: create or replace   view DBT_LOGISTICS.PUBLIC_STAGING.stg_DEV_SEEDS__DIM_TRANSPORT_FUEL
  
  
  
  
  as (
    with source as (
        select * from DBT_LOGISTICS.DEV_SEEDS.DIM_TRANSPORT_FUEL
  ),
  renamed as (
      select
          "TRANSPORT_MODE",
        "VEHICLE_TYPE",
        "AIR_DISTANCE",
        "SEA_SIZE",
        "SEA_FUEL_TYPE",
        "FUEL_L_T_KM"

      from source
  )
  select * from renamed
  )
/* {"app": "dbt", "dbt_version": "1.12.3", "profile_name": "snowflake_trial_20260822", "target_name": "dev", "node_id": "model.logistics_simulator_v2.stg_DEV_SEEDS__DIM_TRANSPORT_FUEL"} */;
[0m16:42:44.645942 [debug] [Thread-2 (]: Snowflake adapter: Snowflake query id: 01c68e2e-0104-7a0e-0005-1826000292d2
[0m16:42:44.646610 [debug] [Thread-2 (]: Snowflake adapter: Snowflake error: 002003 (02000): SQL compilation error:
Schema 'DBT_LOGISTICS.DEV_SEEDS' does not exist or not authorized.
[0m16:42:44.650463 [debug] [Thread-2 (]: Database Error in model stg_DEV_SEEDS__DIM_TRANSPORT_FUEL (models/staging/stg_DEV_SEEDS__DIM_TRANSPORT_FUEL.sql)
  002003 (02000): SQL compilation error:
  Schema 'DBT_LOGISTICS.DEV_SEEDS' does not exist or not authorized.
  compiled code at target/run/logistics_simulator_v2/models/staging/stg_DEV_SEEDS__DIM_TRANSPORT_FUEL.sql
[0m16:42:44.651114 [debug] [Thread-2 (]: Sending event: {'category': 'dbt', 'action': 'run_model', 'label': 'c6139359-48d6-4c89-9174-719e903d9cfa', 'context': [<snowplow_tracker.self_describing_json.SelfDescribingJson object at 0x10e95a1e0>]}
[0m16:42:44.651850 [error] [Thread-2 (]: 3 of 12 ERROR creating sql view model PUBLIC_STAGING.stg_DEV_SEEDS__DIM_TRANSPORT_FUEL  [[31mERROR[0m in 0.09s]
[0m16:42:44.652588 [debug] [Thread-2 (]: Finished running node model.logistics_simulator_v2.stg_DEV_SEEDS__DIM_TRANSPORT_FUEL
[0m16:42:44.652986 [debug] [Thread-2 (]: Began running node model.logistics_simulator_v2.stg_DEV_SEEDS__FCT_FUEL_PRICES
[0m16:42:44.653464 [debug] [Thread-5 (]: Marking all children of 'model.logistics_simulator_v2.stg_DEV_SEEDS__DIM_TRANSPORT_FUEL' to be skipped because of status 'error'.  Reason: Database Error in model stg_DEV_SEEDS__DIM_TRANSPORT_FUEL (models/staging/stg_DEV_SEEDS__DIM_TRANSPORT_FUEL.sql)
  002003 (02000): SQL compilation error:
  Schema 'DBT_LOGISTICS.DEV_SEEDS' does not exist or not authorized.
  compiled code at target/run/logistics_simulator_v2/models/staging/stg_DEV_SEEDS__DIM_TRANSPORT_FUEL.sql.
[0m16:42:44.653967 [info ] [Thread-2 (]: 4 of 12 START sql view model PUBLIC_STAGING.stg_DEV_SEEDS__FCT_FUEL_PRICES ..... [RUN]
[0m16:42:44.654643 [debug] [Thread-2 (]: Re-using an available connection from the pool (formerly model.logistics_simulator_v2.stg_DEV_SEEDS__DIM_TRANSPORT_FUEL, now model.logistics_simulator_v2.stg_DEV_SEEDS__FCT_FUEL_PRICES)
[0m16:42:44.655034 [debug] [Thread-2 (]: Began compiling node model.logistics_simulator_v2.stg_DEV_SEEDS__FCT_FUEL_PRICES
[0m16:42:44.657262 [debug] [Thread-2 (]: Writing injected SQL for node "model.logistics_simulator_v2.stg_DEV_SEEDS__FCT_FUEL_PRICES"
[0m16:42:44.657901 [debug] [Thread-2 (]: Began executing node model.logistics_simulator_v2.stg_DEV_SEEDS__FCT_FUEL_PRICES
[0m16:42:44.701973 [debug] [Thread-2 (]: Writing runtime sql for node "model.logistics_simulator_v2.stg_DEV_SEEDS__FCT_FUEL_PRICES"
[0m16:42:44.702695 [debug] [Thread-2 (]: Using snowflake connection "model.logistics_simulator_v2.stg_DEV_SEEDS__FCT_FUEL_PRICES"
[0m16:42:44.702900 [debug] [Thread-2 (]: On model.logistics_simulator_v2.stg_DEV_SEEDS__FCT_FUEL_PRICES: create or replace   view DBT_LOGISTICS.PUBLIC_STAGING.stg_DEV_SEEDS__FCT_FUEL_PRICES
  
  
  
  
  as (
    with source as (
        select * from DBT_LOGISTICS.DEV_SEEDS.FCT_FUEL_PRICES
  ),
  renamed as (
      select
          "DATE",
        "FUEL_TYPE",
        "FUEL_PRICE_USD_PER_L"

      from source
  )
  select * from renamed
  )
/* {"app": "dbt", "dbt_version": "1.12.3", "profile_name": "snowflake_trial_20260822", "target_name": "dev", "node_id": "model.logistics_simulator_v2.stg_DEV_SEEDS__FCT_FUEL_PRICES"} */;
[0m16:42:44.778670 [debug] [Thread-2 (]: Snowflake adapter: Snowflake query id: 01c68e2e-0104-7a0e-0005-1826000292d6
[0m16:42:44.778980 [debug] [Thread-2 (]: Snowflake adapter: Snowflake error: 002003 (02000): SQL compilation error:
Schema 'DBT_LOGISTICS.DEV_SEEDS' does not exist or not authorized.
[0m16:42:44.781513 [debug] [Thread-2 (]: Database Error in model stg_DEV_SEEDS__FCT_FUEL_PRICES (models/staging/stg_DEV_SEEDS__FCT_FUEL_PRICES.sql)
  002003 (02000): SQL compilation error:
  Schema 'DBT_LOGISTICS.DEV_SEEDS' does not exist or not authorized.
  compiled code at target/run/logistics_simulator_v2/models/staging/stg_DEV_SEEDS__FCT_FUEL_PRICES.sql
[0m16:42:44.781818 [debug] [Thread-2 (]: Sending event: {'category': 'dbt', 'action': 'run_model', 'label': 'c6139359-48d6-4c89-9174-719e903d9cfa', 'context': [<snowplow_tracker.self_describing_json.SelfDescribingJson object at 0x10e364380>]}
[0m16:42:44.782221 [error] [Thread-2 (]: 4 of 12 ERROR creating sql view model PUBLIC_STAGING.stg_DEV_SEEDS__FCT_FUEL_PRICES  [[31mERROR[0m in 0.13s]
[0m16:42:44.782577 [debug] [Thread-2 (]: Finished running node model.logistics_simulator_v2.stg_DEV_SEEDS__FCT_FUEL_PRICES
[0m16:42:44.782830 [debug] [Thread-2 (]: Began running node model.logistics_simulator_v2.stg_DEV_SEEDS__MAIN_PORTS
[0m16:42:44.783101 [info ] [Thread-2 (]: 5 of 12 START sql view model PUBLIC_STAGING.stg_DEV_SEEDS__MAIN_PORTS .......... [RUN]
[0m16:42:44.783425 [debug] [Thread-5 (]: Marking all children of 'model.logistics_simulator_v2.stg_DEV_SEEDS__FCT_FUEL_PRICES' to be skipped because of status 'error'.  Reason: Database Error in model stg_DEV_SEEDS__FCT_FUEL_PRICES (models/staging/stg_DEV_SEEDS__FCT_FUEL_PRICES.sql)
  002003 (02000): SQL compilation error:
  Schema 'DBT_LOGISTICS.DEV_SEEDS' does not exist or not authorized.
  compiled code at target/run/logistics_simulator_v2/models/staging/stg_DEV_SEEDS__FCT_FUEL_PRICES.sql.
[0m16:42:44.783730 [debug] [Thread-2 (]: Re-using an available connection from the pool (formerly model.logistics_simulator_v2.stg_DEV_SEEDS__FCT_FUEL_PRICES, now model.logistics_simulator_v2.stg_DEV_SEEDS__MAIN_PORTS)
[0m16:42:44.784112 [debug] [Thread-2 (]: Began compiling node model.logistics_simulator_v2.stg_DEV_SEEDS__MAIN_PORTS
[0m16:42:44.787034 [debug] [Thread-2 (]: Writing injected SQL for node "model.logistics_simulator_v2.stg_DEV_SEEDS__MAIN_PORTS"
[0m16:42:44.787532 [debug] [Thread-2 (]: Began executing node model.logistics_simulator_v2.stg_DEV_SEEDS__MAIN_PORTS
[0m16:42:44.788789 [debug] [Thread-2 (]: Writing runtime sql for node "model.logistics_simulator_v2.stg_DEV_SEEDS__MAIN_PORTS"
[0m16:42:44.789750 [debug] [Thread-2 (]: Using snowflake connection "model.logistics_simulator_v2.stg_DEV_SEEDS__MAIN_PORTS"
[0m16:42:44.790068 [debug] [Thread-2 (]: On model.logistics_simulator_v2.stg_DEV_SEEDS__MAIN_PORTS: create or replace   view DBT_LOGISTICS.PUBLIC_STAGING.stg_DEV_SEEDS__MAIN_PORTS
  
  
  
  
  as (
    with source as (
        select * from DBT_LOGISTICS.DEV_SEEDS.MAIN_PORTS
  ),
  renamed as (
      select
          "ID",
        "COUNTRY_CD_2CHAR",
        "COUNTRY_CD_3CHAR",
        "COUNTRY_NAME",
        "BASE_POINT",
        "TRANSPORT_MODE",
        "PORT_NAME_JP",
        "PORT_NAME_EN",
        "COST_TYPE",
        "COST_PER_KM_WT",
        "COST_PER_CONTAINER",
        "MINIMUM_CHARGE",
        "LATITUDE",
        "LONGITUDE"

      from source
  )
  select * from renamed
  )
/* {"app": "dbt", "dbt_version": "1.12.3", "profile_name": "snowflake_trial_20260822", "target_name": "dev", "node_id": "model.logistics_simulator_v2.stg_DEV_SEEDS__MAIN_PORTS"} */;
[0m16:42:44.865398 [debug] [Thread-2 (]: Snowflake adapter: Snowflake query id: 01c68e2e-0104-7a0e-0005-1826000292da
[0m16:42:44.865827 [debug] [Thread-2 (]: Snowflake adapter: Snowflake error: 002003 (02000): SQL compilation error:
Schema 'DBT_LOGISTICS.DEV_SEEDS' does not exist or not authorized.
[0m16:42:44.869040 [debug] [Thread-2 (]: Database Error in model stg_DEV_SEEDS__MAIN_PORTS (models/staging/stg_DEV_SEEDS__MAIN_PORTS.sql)
  002003 (02000): SQL compilation error:
  Schema 'DBT_LOGISTICS.DEV_SEEDS' does not exist or not authorized.
  compiled code at target/run/logistics_simulator_v2/models/staging/stg_DEV_SEEDS__MAIN_PORTS.sql
[0m16:42:44.869424 [debug] [Thread-2 (]: Sending event: {'category': 'dbt', 'action': 'run_model', 'label': 'c6139359-48d6-4c89-9174-719e903d9cfa', 'context': [<snowplow_tracker.self_describing_json.SelfDescribingJson object at 0x10e2df9b0>]}
[0m16:42:44.869950 [error] [Thread-2 (]: 5 of 12 ERROR creating sql view model PUBLIC_STAGING.stg_DEV_SEEDS__MAIN_PORTS . [[31mERROR[0m in 0.09s]
[0m16:42:44.870415 [debug] [Thread-2 (]: Finished running node model.logistics_simulator_v2.stg_DEV_SEEDS__MAIN_PORTS
[0m16:42:44.870753 [debug] [Thread-2 (]: Began running node model.logistics_simulator_v2.stg_RAW__GLOBAL_SUPPLY_CHAIN_RISK_2024_2026
[0m16:42:44.871130 [debug] [Thread-5 (]: Marking all children of 'model.logistics_simulator_v2.stg_DEV_SEEDS__MAIN_PORTS' to be skipped because of status 'error'.  Reason: Database Error in model stg_DEV_SEEDS__MAIN_PORTS (models/staging/stg_DEV_SEEDS__MAIN_PORTS.sql)
  002003 (02000): SQL compilation error:
  Schema 'DBT_LOGISTICS.DEV_SEEDS' does not exist or not authorized.
  compiled code at target/run/logistics_simulator_v2/models/staging/stg_DEV_SEEDS__MAIN_PORTS.sql.
[0m16:42:44.871544 [info ] [Thread-2 (]: 6 of 12 START sql view model PUBLIC_STAGING.stg_RAW__GLOBAL_SUPPLY_CHAIN_RISK_2024_2026  [RUN]
[0m16:42:44.872154 [debug] [Thread-2 (]: Re-using an available connection from the pool (formerly model.logistics_simulator_v2.stg_DEV_SEEDS__MAIN_PORTS, now model.logistics_simulator_v2.stg_RAW__GLOBAL_SUPPLY_CHAIN_RISK_2024_2026)
[0m16:42:44.872552 [debug] [Thread-2 (]: Began compiling node model.logistics_simulator_v2.stg_RAW__GLOBAL_SUPPLY_CHAIN_RISK_2024_2026
[0m16:42:44.876190 [debug] [Thread-2 (]: Writing injected SQL for node "model.logistics_simulator_v2.stg_RAW__GLOBAL_SUPPLY_CHAIN_RISK_2024_2026"
[0m16:42:44.876819 [debug] [Thread-2 (]: Began executing node model.logistics_simulator_v2.stg_RAW__GLOBAL_SUPPLY_CHAIN_RISK_2024_2026
[0m16:42:44.878427 [debug] [Thread-2 (]: Writing runtime sql for node "model.logistics_simulator_v2.stg_RAW__GLOBAL_SUPPLY_CHAIN_RISK_2024_2026"
[0m16:42:44.879420 [debug] [Thread-2 (]: Using snowflake connection "model.logistics_simulator_v2.stg_RAW__GLOBAL_SUPPLY_CHAIN_RISK_2024_2026"
[0m16:42:44.879755 [debug] [Thread-2 (]: On model.logistics_simulator_v2.stg_RAW__GLOBAL_SUPPLY_CHAIN_RISK_2024_2026: create or replace   view DBT_LOGISTICS.PUBLIC_STAGING.stg_RAW__GLOBAL_SUPPLY_CHAIN_RISK_2024_2026
  
  
  
  
  as (
    with source as (
        select * from DBT_LOGISTICS.RAW.GLOBAL_SUPPLY_CHAIN_RISK_2024_2026
  ),
  renamed as (
      select
          "Shipment_ID" AS SHIPMENT_ID,
        TO_DATE("Date") AS DATE,
        "Origin_Port" AS ORIGIN_PORT,
        "Destination_Port" AS DESTINATION_PORT,
        "Transport_Mode" AS TRANSPORT_MODE,
        "Product_Category" AS PRODUCT_CATEGORY,
        "Distance_km" AS DISTANCE_KM,
        "Weight_MT" AS WEIGHT_MT,
        "Fuel_Price_Index" AS FUEL_PRICE_INDEX,
        "Geopolitical_Risk_Score" AS GEOGRAPHICAL_RISK_SCORE,
        "Weather_Condition" AS WEATHER_CONDITION,
        "Carrier_Reliability_Score" AS CARRIER_RELIABILITY_SCORE,
        "Lead_Time_Days" AS LEAD_TIME_DAYS,
        "Disruption_Occurred" AS DISRUPTION_OCCURRED

      from source
  )
  select * from renamed
  )
/* {"app": "dbt", "dbt_version": "1.12.3", "profile_name": "snowflake_trial_20260822", "target_name": "dev", "node_id": "model.logistics_simulator_v2.stg_RAW__GLOBAL_SUPPLY_CHAIN_RISK_2024_2026"} */;
[0m16:42:44.936243 [debug] [Thread-2 (]: Snowflake adapter: Snowflake query id: 01c68e2e-0104-7997-0005-182600030212
[0m16:42:44.936575 [debug] [Thread-2 (]: Snowflake adapter: Snowflake error: 002003 (02000): SQL compilation error:
Schema 'DBT_LOGISTICS.RAW' does not exist or not authorized.
[0m16:42:44.938817 [debug] [Thread-2 (]: Database Error in model stg_RAW__GLOBAL_SUPPLY_CHAIN_RISK_2024_2026 (models/staging/stg_RAW__GLOBAL_SUPPLY_CHAIN_RISK_2024_2026.sql)
  002003 (02000): SQL compilation error:
  Schema 'DBT_LOGISTICS.RAW' does not exist or not authorized.
  compiled code at target/run/logistics_simulator_v2/models/staging/stg_RAW__GLOBAL_SUPPLY_CHAIN_RISK_2024_2026.sql
[0m16:42:44.939142 [debug] [Thread-2 (]: Sending event: {'category': 'dbt', 'action': 'run_model', 'label': 'c6139359-48d6-4c89-9174-719e903d9cfa', 'context': [<snowplow_tracker.self_describing_json.SelfDescribingJson object at 0x10e07f890>]}
[0m16:42:44.939539 [error] [Thread-2 (]: 6 of 12 ERROR creating sql view model PUBLIC_STAGING.stg_RAW__GLOBAL_SUPPLY_CHAIN_RISK_2024_2026  [[31mERROR[0m in 0.07s]
[0m16:42:44.939866 [debug] [Thread-2 (]: Finished running node model.logistics_simulator_v2.stg_RAW__GLOBAL_SUPPLY_CHAIN_RISK_2024_2026
[0m16:42:44.940090 [debug] [Thread-2 (]: Began running node model.logistics_simulator_v2.mrt__DIM_MODE_FACTOR
[0m16:42:44.940310 [debug] [Thread-5 (]: Marking all children of 'model.logistics_simulator_v2.stg_RAW__GLOBAL_SUPPLY_CHAIN_RISK_2024_2026' to be skipped because of status 'error'.  Reason: Database Error in model stg_RAW__GLOBAL_SUPPLY_CHAIN_RISK_2024_2026 (models/staging/stg_RAW__GLOBAL_SUPPLY_CHAIN_RISK_2024_2026.sql)
  002003 (02000): SQL compilation error:
  Schema 'DBT_LOGISTICS.RAW' does not exist or not authorized.
  compiled code at target/run/logistics_simulator_v2/models/staging/stg_RAW__GLOBAL_SUPPLY_CHAIN_RISK_2024_2026.sql.
[0m16:42:44.940533 [info ] [Thread-2 (]: 7 of 12 SKIP relation PUBLIC_ANALYTICS.mrt__DIM_MODE_FACTOR .................... [[33mSKIP[0m]
[0m16:42:44.940919 [debug] [Thread-2 (]: Finished running node model.logistics_simulator_v2.mrt__DIM_MODE_FACTOR
[0m16:42:44.941137 [debug] [Thread-2 (]: Began running node model.logistics_simulator_v2.int__FCT_AGG_FUEL_PRICE
[0m16:42:44.941409 [info ] [Thread-2 (]: 8 of 12 SKIP relation PUBLIC_INTERMEDIATE.int__FCT_AGG_FUEL_PRICE .............. [[33mSKIP[0m]
[0m16:42:44.941608 [debug] [Thread-2 (]: Finished running node model.logistics_simulator_v2.int__FCT_AGG_FUEL_PRICE
[0m16:42:44.941784 [debug] [Thread-2 (]: Began running node model.logistics_simulator_v2.mrt__DIM_COUNTRY_FACTOR
[0m16:42:44.941990 [info ] [Thread-2 (]: 9 of 12 SKIP relation PUBLIC_ANALYTICS.mrt__DIM_COUNTRY_FACTOR ................. [[33mSKIP[0m]
[0m16:42:44.942182 [debug] [Thread-2 (]: Finished running node model.logistics_simulator_v2.mrt__DIM_COUNTRY_FACTOR
[0m16:42:44.942357 [debug] [Thread-2 (]: Began running node model.logistics_simulator_v2.int__FCT_LOGS_RAW
[0m16:42:44.942572 [info ] [Thread-2 (]: 10 of 12 SKIP relation PUBLIC_INTERMEDIATE.int__FCT_LOGS_RAW ................... [[33mSKIP[0m]
[0m16:42:44.942758 [debug] [Thread-2 (]: Finished running node model.logistics_simulator_v2.int__FCT_LOGS_RAW
[0m16:42:44.943107 [debug] [Thread-2 (]: Began running node model.logistics_simulator_v2.int__FCT_AGG_LOGS
[0m16:42:44.943467 [info ] [Thread-2 (]: 11 of 12 SKIP relation PUBLIC_INTERMEDIATE.int__FCT_AGG_LOGS ................... [[33mSKIP[0m]
[0m16:42:44.943730 [debug] [Thread-2 (]: Finished running node model.logistics_simulator_v2.int__FCT_AGG_LOGS
[0m16:42:44.943921 [debug] [Thread-2 (]: Began running node model.logistics_simulator_v2.int__FCT_DEST_AGG
[0m16:42:44.944120 [info ] [Thread-2 (]: 12 of 12 SKIP relation PUBLIC_INTERMEDIATE.int__FCT_DEST_AGG ................... [[33mSKIP[0m]
[0m16:42:44.944312 [debug] [Thread-2 (]: Finished running node model.logistics_simulator_v2.int__FCT_DEST_AGG
[0m16:42:44.945407 [debug] [MainThread]: Connection 'master' was properly closed.
[0m16:42:44.945802 [debug] [MainThread]: Connection 'model.logistics_simulator_v2.stg_RAW__GLOBAL_SUPPLY_CHAIN_RISK_2024_2026' was left open.
[0m16:42:44.946101 [debug] [MainThread]: On model.logistics_simulator_v2.stg_RAW__GLOBAL_SUPPLY_CHAIN_RISK_2024_2026: Close
[0m16:42:45.000783 [info ] [MainThread]: 
[0m16:42:45.001108 [info ] [MainThread]: Finished running 2 table models, 10 view models in 0 hours 0 minutes and 2.14 seconds (2.14s).
[0m16:42:45.001779 [debug] [MainThread]: Command end result
[0m16:42:45.028500 [debug] [MainThread]: Wrote artifact WritableManifest to /Users/uramasaharu/Documents/develop/gachi_dataengineer_pj/04_logistics_ver2/logistics_simulator/target/manifest.json
[0m16:42:45.029738 [debug] [MainThread]: Wrote artifact SemanticManifest to /Users/uramasaharu/Documents/develop/gachi_dataengineer_pj/04_logistics_ver2/logistics_simulator/target/semantic_manifest.json
[0m16:42:45.030750 [debug] [MainThread]: Wrote artifact OsiDocument to /Users/uramasaharu/Documents/develop/gachi_dataengineer_pj/04_logistics_ver2/logistics_simulator/target/osi_document.json
[0m16:42:45.033606 [debug] [MainThread]: Wrote artifact RunExecutionResult to /Users/uramasaharu/Documents/develop/gachi_dataengineer_pj/04_logistics_ver2/logistics_simulator/target/run_results.json
[0m16:42:45.033748 [info ] [MainThread]: 
[0m16:42:45.033905 [info ] [MainThread]: [31mCompleted with 6 errors, 0 partial successes, and 0 warnings:[0m
[0m16:42:45.034028 [info ] [MainThread]: 
[0m16:42:45.034179 [error] [MainThread]: [[31mERROR[0m]: in model stg_DEV_SEEDS__CO2_EMISSION (models/staging/stg_DEV_SEEDS__CO2_EMISSION.sql)
[0m16:42:45.034323 [error] [MainThread]:   Database Error in model stg_DEV_SEEDS__CO2_EMISSION (models/staging/stg_DEV_SEEDS__CO2_EMISSION.sql)
  002003 (02000): SQL compilation error:
  Schema 'DBT_LOGISTICS.DEV_SEEDS' does not exist or not authorized.
  compiled code at target/run/logistics_simulator_v2/models/staging/stg_DEV_SEEDS__CO2_EMISSION.sql
[0m16:42:45.034436 [info ] [MainThread]: 
[0m16:42:45.034566 [info ] [MainThread]:   compiled code at target/compiled/logistics_simulator_v2/models/staging/stg_DEV_SEEDS__CO2_EMISSION.sql
[0m16:42:45.034679 [info ] [MainThread]: 
[0m16:42:45.034810 [error] [MainThread]: [[31mERROR[0m]: in model stg_DEV_SEEDS__DIM_CARBON_TAX_RATES (models/staging/stg_DEV_SEEDS__DIM_CARBON_TAX_RATES.sql)
[0m16:42:45.034948 [error] [MainThread]:   Database Error in model stg_DEV_SEEDS__DIM_CARBON_TAX_RATES (models/staging/stg_DEV_SEEDS__DIM_CARBON_TAX_RATES.sql)
  002003 (02000): SQL compilation error:
  Schema 'DBT_LOGISTICS.DEV_SEEDS' does not exist or not authorized.
  compiled code at target/run/logistics_simulator_v2/models/staging/stg_DEV_SEEDS__DIM_CARBON_TAX_RATES.sql
[0m16:42:45.035063 [info ] [MainThread]: 
[0m16:42:45.035194 [info ] [MainThread]:   compiled code at target/compiled/logistics_simulator_v2/models/staging/stg_DEV_SEEDS__DIM_CARBON_TAX_RATES.sql
[0m16:42:45.035304 [info ] [MainThread]: 
[0m16:42:45.035435 [error] [MainThread]: [[31mERROR[0m]: in model stg_DEV_SEEDS__DIM_TRANSPORT_FUEL (models/staging/stg_DEV_SEEDS__DIM_TRANSPORT_FUEL.sql)
[0m16:42:45.035572 [error] [MainThread]:   Database Error in model stg_DEV_SEEDS__DIM_TRANSPORT_FUEL (models/staging/stg_DEV_SEEDS__DIM_TRANSPORT_FUEL.sql)
  002003 (02000): SQL compilation error:
  Schema 'DBT_LOGISTICS.DEV_SEEDS' does not exist or not authorized.
  compiled code at target/run/logistics_simulator_v2/models/staging/stg_DEV_SEEDS__DIM_TRANSPORT_FUEL.sql
[0m16:42:45.035683 [info ] [MainThread]: 
[0m16:42:45.035809 [info ] [MainThread]:   compiled code at target/compiled/logistics_simulator_v2/models/staging/stg_DEV_SEEDS__DIM_TRANSPORT_FUEL.sql
[0m16:42:45.035918 [info ] [MainThread]: 
[0m16:42:45.036049 [error] [MainThread]: [[31mERROR[0m]: in model stg_DEV_SEEDS__FCT_FUEL_PRICES (models/staging/stg_DEV_SEEDS__FCT_FUEL_PRICES.sql)
[0m16:42:45.036182 [error] [MainThread]:   Database Error in model stg_DEV_SEEDS__FCT_FUEL_PRICES (models/staging/stg_DEV_SEEDS__FCT_FUEL_PRICES.sql)
  002003 (02000): SQL compilation error:
  Schema 'DBT_LOGISTICS.DEV_SEEDS' does not exist or not authorized.
  compiled code at target/run/logistics_simulator_v2/models/staging/stg_DEV_SEEDS__FCT_FUEL_PRICES.sql
[0m16:42:45.036291 [info ] [MainThread]: 
[0m16:42:45.036418 [info ] [MainThread]:   compiled code at target/compiled/logistics_simulator_v2/models/staging/stg_DEV_SEEDS__FCT_FUEL_PRICES.sql
[0m16:42:45.036526 [info ] [MainThread]: 
[0m16:42:45.036660 [error] [MainThread]: [[31mERROR[0m]: in model stg_DEV_SEEDS__MAIN_PORTS (models/staging/stg_DEV_SEEDS__MAIN_PORTS.sql)
[0m16:42:45.036797 [error] [MainThread]:   Database Error in model stg_DEV_SEEDS__MAIN_PORTS (models/staging/stg_DEV_SEEDS__MAIN_PORTS.sql)
  002003 (02000): SQL compilation error:
  Schema 'DBT_LOGISTICS.DEV_SEEDS' does not exist or not authorized.
  compiled code at target/run/logistics_simulator_v2/models/staging/stg_DEV_SEEDS__MAIN_PORTS.sql
[0m16:42:45.036908 [info ] [MainThread]: 
[0m16:42:45.037034 [info ] [MainThread]:   compiled code at target/compiled/logistics_simulator_v2/models/staging/stg_DEV_SEEDS__MAIN_PORTS.sql
[0m16:42:45.037140 [info ] [MainThread]: 
[0m16:42:45.037271 [error] [MainThread]: [[31mERROR[0m]: in model stg_RAW__GLOBAL_SUPPLY_CHAIN_RISK_2024_2026 (models/staging/stg_RAW__GLOBAL_SUPPLY_CHAIN_RISK_2024_2026.sql)
[0m16:42:45.037408 [error] [MainThread]:   Database Error in model stg_RAW__GLOBAL_SUPPLY_CHAIN_RISK_2024_2026 (models/staging/stg_RAW__GLOBAL_SUPPLY_CHAIN_RISK_2024_2026.sql)
  002003 (02000): SQL compilation error:
  Schema 'DBT_LOGISTICS.RAW' does not exist or not authorized.
  compiled code at target/run/logistics_simulator_v2/models/staging/stg_RAW__GLOBAL_SUPPLY_CHAIN_RISK_2024_2026.sql
[0m16:42:45.037517 [info ] [MainThread]: 
[0m16:42:45.037643 [info ] [MainThread]:   compiled code at target/compiled/logistics_simulator_v2/models/staging/stg_RAW__GLOBAL_SUPPLY_CHAIN_RISK_2024_2026.sql
[0m16:42:45.037752 [info ] [MainThread]: 
[0m16:42:45.037880 [info ] [MainThread]: Done. PASS=0 WARN=0 ERROR=6 SKIP=6 NO-OP=0 REUSED=0 TOTAL=12
[0m16:42:45.040111 [debug] [MainThread]: Resource report: {"command_name": "run", "command_success": false, "command_wall_clock_time": 2.7722197, "process_in_blocks": "0", "process_kernel_time": 0.259946, "process_mem_max_rss": "183681024", "process_out_blocks": "0", "process_user_time": 1.281533}
[0m16:42:45.040672 [debug] [MainThread]: Command `dbt run` failed at 16:42:45.040624 after 2.77 seconds
[0m16:42:45.040867 [debug] [MainThread]: Sending event: {'category': 'dbt', 'action': 'invocation', 'label': 'end', 'context': [<snowplow_tracker.self_describing_json.SelfDescribingJson object at 0x102372ea0>, <snowplow_tracker.self_describing_json.SelfDescribingJson object at 0x10e1c6e70>, <snowplow_tracker.self_describing_json.SelfDescribingJson object at 0x10af6a330>]}
[0m16:42:45.041751 [debug] [MainThread]: Flushing usage events
[0m16:42:45.990254 [debug] [MainThread]: An error was encountered while trying to flush usage events
[0m16:43:10.788367 [debug] [MainThread]: Sending event: {'category': 'dbt', 'action': 'invocation', 'label': 'start', 'context': [<snowplow_tracker.self_describing_json.SelfDescribingJson object at 0x1020b1e50>, <snowplow_tracker.self_describing_json.SelfDescribingJson object at 0x105e69be0>, <snowplow_tracker.self_describing_json.SelfDescribingJson object at 0x105e696a0>]}


============================== 16:43:10.790799 | 079da616-f420-43fe-8bc5-38bbb4511f69 ==============================
[0m16:43:10.790799 [info ] [MainThread]: Running with dbt=1.12.3
[0m16:43:10.791067 [debug] [MainThread]: running dbt with arguments {'no_print': 'None', 'warn_error': 'None', 'log_format': 'default', 'send_anonymous_usage_stats': 'True', 'fail_fast': 'False', 'introspect': 'True', 'target_path': 'None', 'log_path': '/Users/uramasaharu/Documents/develop/gachi_dataengineer_pj/04_logistics_ver2/logistics_simulator/logs', 'maximum_seed_size_mib': '1', 'empty': 'False', 'partial_parse': 'True', 'printer_width': '80', 'use_colors': 'True', 'indirect_selection': 'eager', 'use_experimental_parser': 'False', 'log_cache_events': 'False', 'write_json': 'True', 'debug': 'False', 'static_parser': 'True', 'quiet': 'False', 'version_check': 'True', 'invocation_command': 'dbt seed', 'profiles_dir': '/Users/uramasaharu/.dbt', 'hints_enabled': 'True', 'cache_selected_only': 'False', 'warn_error_options': 'WarnErrorOptionsV2(error=[], warn=[], silence=[])'}
[0m16:43:10.985314 [debug] [MainThread]: Snowflake adapter: Setting snowflake.connector to ERROR (file logging only)
[0m16:43:10.985566 [debug] [MainThread]: Snowflake adapter: Setting botocore to ERROR (file logging only)
[0m16:43:10.985695 [debug] [MainThread]: Snowflake adapter: Setting boto3 to ERROR (file logging only)
[0m16:43:11.074691 [debug] [MainThread]: Sending event: {'category': 'dbt', 'action': 'project_id', 'label': '079da616-f420-43fe-8bc5-38bbb4511f69', 'context': [<snowplow_tracker.self_describing_json.SelfDescribingJson object at 0x10834aea0>]}
[0m16:43:11.096687 [debug] [MainThread]: Sending event: {'category': 'dbt', 'action': 'adapter_info', 'label': '079da616-f420-43fe-8bc5-38bbb4511f69', 'context': [<snowplow_tracker.self_describing_json.SelfDescribingJson object at 0x106499d00>]}
[0m16:43:11.097962 [info ] [MainThread]: Registered adapter: snowflake=1.12.0
[0m16:43:11.157062 [debug] [MainThread]: checksum: 461150643511e3fa788b8cb99fca0341d3ab88c665cbbf242aaee2d85637f7d4, vars: {}, profile: snowflake_trial_20260822, target: dev, version: 1.12.3
[0m16:43:11.240275 [debug] [MainThread]: Partial parsing enabled: 0 files deleted, 0 files added, 0 files changed.
[0m16:43:11.240480 [debug] [MainThread]: Nothing changed, skipping partial parsing.
[0m16:43:11.240597 [debug] [MainThread]: Partial parsing enabled, no changes found, skipping parsing
[0m16:43:11.244408 [debug] [MainThread]: Sending event: {'category': 'dbt', 'action': 'load_project', 'label': '079da616-f420-43fe-8bc5-38bbb4511f69', 'context': [<snowplow_tracker.self_describing_json.SelfDescribingJson object at 0x102401700>]}
[0m16:43:11.309947 [debug] [MainThread]: Wrote artifact WritableManifest to /Users/uramasaharu/Documents/develop/gachi_dataengineer_pj/04_logistics_ver2/logistics_simulator/target/manifest.json
[0m16:43:11.311340 [debug] [MainThread]: Wrote artifact SemanticManifest to /Users/uramasaharu/Documents/develop/gachi_dataengineer_pj/04_logistics_ver2/logistics_simulator/target/semantic_manifest.json
[0m16:43:11.319798 [debug] [MainThread]: Wrote artifact OsiDocument to /Users/uramasaharu/Documents/develop/gachi_dataengineer_pj/04_logistics_ver2/logistics_simulator/target/osi_document.json
[0m16:43:11.325796 [debug] [MainThread]: Sending event: {'category': 'dbt', 'action': 'resource_counts', 'label': '079da616-f420-43fe-8bc5-38bbb4511f69', 'context': [<snowplow_tracker.self_describing_json.SelfDescribingJson object at 0x108c4b5f0>]}
[0m16:43:11.325993 [info ] [MainThread]: Found 12 models, 5 seeds, 51 data tests, 6 sources, 690 macros
[0m16:43:11.326142 [debug] [MainThread]: Sending event: {'category': 'dbt', 'action': 'runnable_timing', 'label': '079da616-f420-43fe-8bc5-38bbb4511f69', 'context': [<snowplow_tracker.self_describing_json.SelfDescribingJson object at 0x1086ba840>]}
[0m16:43:11.327177 [info ] [MainThread]: 
[0m16:43:11.327319 [info ] [MainThread]: Concurrency: 1 threads (target='dev')
[0m16:43:11.327433 [info ] [MainThread]: 
[0m16:43:11.327650 [debug] [MainThread]: Acquiring new snowflake connection 'master'
[0m16:43:11.329299 [debug] [ThreadPool]: Acquiring new snowflake connection 'list_DBT_LOGISTICS'
[0m16:43:11.335389 [debug] [ThreadPool]: Using snowflake connection "list_DBT_LOGISTICS"
[0m16:43:11.335562 [debug] [ThreadPool]: On list_DBT_LOGISTICS: show terse schemas in database DBT_LOGISTICS
    limit 10000
/* {"app": "dbt", "dbt_version": "1.12.3", "profile_name": "snowflake_trial_20260822", "target_name": "dev", "connection_name": "list_DBT_LOGISTICS"} */
[0m16:43:11.335681 [debug] [ThreadPool]: Opening a new connection, currently in state init
[0m16:43:11.885436 [debug] [ThreadPool]: SQL status: SUCCESS 5 in 0.550 seconds
[0m16:43:11.888706 [debug] [ThreadPool]: Re-using an available connection from the pool (formerly list_DBT_LOGISTICS, now create_DBT_LOGISTICS_PUBLIC_SEEDS)
[0m16:43:11.889457 [debug] [ThreadPool]: Creating schema "database: "DBT_LOGISTICS"
schema: "PUBLIC_SEEDS"
"
[0m16:43:11.894654 [debug] [ThreadPool]: Using snowflake connection "create_DBT_LOGISTICS_PUBLIC_SEEDS"
[0m16:43:11.895084 [debug] [ThreadPool]: On create_DBT_LOGISTICS_PUBLIC_SEEDS: create schema if not exists DBT_LOGISTICS.PUBLIC_SEEDS
/* {"app": "dbt", "dbt_version": "1.12.3", "profile_name": "snowflake_trial_20260822", "target_name": "dev", "connection_name": "create_DBT_LOGISTICS_PUBLIC_SEEDS"} */
[0m16:43:11.989162 [debug] [ThreadPool]: SQL status: SUCCESS 1 in 0.094 seconds
[0m16:43:11.995072 [debug] [ThreadPool]: Re-using an available connection from the pool (formerly create_DBT_LOGISTICS_PUBLIC_SEEDS, now list_DBT_LOGISTICS_PUBLIC_INTERMEDIATE)
[0m16:43:12.005032 [debug] [ThreadPool]: Using snowflake connection "list_DBT_LOGISTICS_PUBLIC_INTERMEDIATE"
[0m16:43:12.005383 [debug] [ThreadPool]: On list_DBT_LOGISTICS_PUBLIC_INTERMEDIATE: show objects in DBT_LOGISTICS.PUBLIC_INTERMEDIATE
    limit 10000
    

/* {"app": "dbt", "dbt_version": "1.12.3", "profile_name": "snowflake_trial_20260822", "target_name": "dev", "connection_name": "list_DBT_LOGISTICS_PUBLIC_INTERMEDIATE"} */;
[0m16:43:12.114033 [debug] [ThreadPool]: SQL status: SUCCESS 0 in 0.108 seconds
[0m16:43:12.120754 [debug] [ThreadPool]: Using snowflake connection "list_DBT_LOGISTICS_PUBLIC_INTERMEDIATE"
[0m16:43:12.121189 [debug] [ThreadPool]: On list_DBT_LOGISTICS_PUBLIC_INTERMEDIATE: show user functions in DBT_LOGISTICS.PUBLIC_INTERMEDIATE
/* {"app": "dbt", "dbt_version": "1.12.3", "profile_name": "snowflake_trial_20260822", "target_name": "dev", "connection_name": "list_DBT_LOGISTICS_PUBLIC_INTERMEDIATE"} */
[0m16:43:12.194760 [debug] [ThreadPool]: SQL status: SUCCESS 0 in 0.073 seconds
[0m16:43:12.199102 [debug] [ThreadPool]: Re-using an available connection from the pool (formerly list_DBT_LOGISTICS_PUBLIC_INTERMEDIATE, now list_DBT_LOGISTICS_PUBLIC_ANALYTICS)
[0m16:43:12.200751 [debug] [ThreadPool]: Using snowflake connection "list_DBT_LOGISTICS_PUBLIC_ANALYTICS"
[0m16:43:12.201048 [debug] [ThreadPool]: On list_DBT_LOGISTICS_PUBLIC_ANALYTICS: show objects in DBT_LOGISTICS.PUBLIC_ANALYTICS
    limit 10000
    

/* {"app": "dbt", "dbt_version": "1.12.3", "profile_name": "snowflake_trial_20260822", "target_name": "dev", "connection_name": "list_DBT_LOGISTICS_PUBLIC_ANALYTICS"} */;
[0m16:43:12.257304 [debug] [ThreadPool]: SQL status: SUCCESS 0 in 0.056 seconds
[0m16:43:12.261193 [debug] [ThreadPool]: Using snowflake connection "list_DBT_LOGISTICS_PUBLIC_ANALYTICS"
[0m16:43:12.261736 [debug] [ThreadPool]: On list_DBT_LOGISTICS_PUBLIC_ANALYTICS: show user functions in DBT_LOGISTICS.PUBLIC_ANALYTICS
/* {"app": "dbt", "dbt_version": "1.12.3", "profile_name": "snowflake_trial_20260822", "target_name": "dev", "connection_name": "list_DBT_LOGISTICS_PUBLIC_ANALYTICS"} */
[0m16:43:12.346814 [debug] [ThreadPool]: SQL status: SUCCESS 0 in 0.084 seconds
[0m16:43:12.351113 [debug] [ThreadPool]: Re-using an available connection from the pool (formerly list_DBT_LOGISTICS_PUBLIC_ANALYTICS, now list_DBT_LOGISTICS_PUBLIC_STAGING)
[0m16:43:12.353040 [debug] [ThreadPool]: Using snowflake connection "list_DBT_LOGISTICS_PUBLIC_STAGING"
[0m16:43:12.353398 [debug] [ThreadPool]: On list_DBT_LOGISTICS_PUBLIC_STAGING: show objects in DBT_LOGISTICS.PUBLIC_STAGING
    limit 10000
    

/* {"app": "dbt", "dbt_version": "1.12.3", "profile_name": "snowflake_trial_20260822", "target_name": "dev", "connection_name": "list_DBT_LOGISTICS_PUBLIC_STAGING"} */;
[0m16:43:12.410586 [debug] [ThreadPool]: SQL status: SUCCESS 0 in 0.057 seconds
[0m16:43:12.414240 [debug] [ThreadPool]: Using snowflake connection "list_DBT_LOGISTICS_PUBLIC_STAGING"
[0m16:43:12.414726 [debug] [ThreadPool]: On list_DBT_LOGISTICS_PUBLIC_STAGING: show user functions in DBT_LOGISTICS.PUBLIC_STAGING
/* {"app": "dbt", "dbt_version": "1.12.3", "profile_name": "snowflake_trial_20260822", "target_name": "dev", "connection_name": "list_DBT_LOGISTICS_PUBLIC_STAGING"} */
[0m16:43:12.493377 [debug] [ThreadPool]: SQL status: SUCCESS 0 in 0.078 seconds
[0m16:43:12.494657 [debug] [ThreadPool]: Re-using an available connection from the pool (formerly list_DBT_LOGISTICS_PUBLIC_STAGING, now list_DBT_LOGISTICS_PUBLIC_SEEDS)
[0m16:43:12.495890 [debug] [ThreadPool]: Using snowflake connection "list_DBT_LOGISTICS_PUBLIC_SEEDS"
[0m16:43:12.496163 [debug] [ThreadPool]: On list_DBT_LOGISTICS_PUBLIC_SEEDS: show objects in DBT_LOGISTICS.PUBLIC_SEEDS
    limit 10000
    

/* {"app": "dbt", "dbt_version": "1.12.3", "profile_name": "snowflake_trial_20260822", "target_name": "dev", "connection_name": "list_DBT_LOGISTICS_PUBLIC_SEEDS"} */;
[0m16:43:12.552776 [debug] [ThreadPool]: SQL status: SUCCESS 0 in 0.056 seconds
[0m16:43:12.554838 [debug] [ThreadPool]: Using snowflake connection "list_DBT_LOGISTICS_PUBLIC_SEEDS"
[0m16:43:12.555361 [debug] [ThreadPool]: On list_DBT_LOGISTICS_PUBLIC_SEEDS: show user functions in DBT_LOGISTICS.PUBLIC_SEEDS
/* {"app": "dbt", "dbt_version": "1.12.3", "profile_name": "snowflake_trial_20260822", "target_name": "dev", "connection_name": "list_DBT_LOGISTICS_PUBLIC_SEEDS"} */
[0m16:43:12.627885 [debug] [ThreadPool]: SQL status: SUCCESS 0 in 0.072 seconds
[0m16:43:12.629261 [debug] [MainThread]: Sending event: {'category': 'dbt', 'action': 'runnable_timing', 'label': '079da616-f420-43fe-8bc5-38bbb4511f69', 'context': [<snowplow_tracker.self_describing_json.SelfDescribingJson object at 0x108655250>]}
[0m16:43:12.632160 [debug] [Thread-2 (]: Began running node seed.logistics_simulator_v2.CO2_EMISSION
[0m16:43:12.632628 [info ] [Thread-2 (]: 1 of 5 START seed file PUBLIC_SEEDS.CO2_EMISSION ............................... [RUN]
[0m16:43:12.633033 [debug] [Thread-2 (]: Re-using an available connection from the pool (formerly list_DBT_LOGISTICS_PUBLIC_SEEDS, now seed.logistics_simulator_v2.CO2_EMISSION)
[0m16:43:12.633311 [debug] [Thread-2 (]: Began compiling node seed.logistics_simulator_v2.CO2_EMISSION
[0m16:43:12.633572 [debug] [Thread-2 (]: Began executing node seed.logistics_simulator_v2.CO2_EMISSION
[0m16:43:12.654161 [debug] [Thread-2 (]: Using snowflake connection "seed.logistics_simulator_v2.CO2_EMISSION"
[0m16:43:12.654448 [debug] [Thread-2 (]: On seed.logistics_simulator_v2.CO2_EMISSION: create table DBT_LOGISTICS.PUBLIC_SEEDS.CO2_EMISSION (TRANSPORT_MODE text,VEHICLE_TYPE text,AIR_DISTANCE text,SEA_SIZE text,SEA_FUEL_TYPE text,WTW_CO2_G_T_KM float8,TTW_CO2_G_T_KM float8)
/* {"app": "dbt", "dbt_version": "1.12.3", "profile_name": "snowflake_trial_20260822", "target_name": "dev", "node_id": "seed.logistics_simulator_v2.CO2_EMISSION"} */
[0m16:43:12.960217 [debug] [Thread-2 (]: SQL status: SUCCESS 1 in 0.305 seconds
[0m16:43:12.977224 [debug] [Thread-2 (]: Using snowflake connection "seed.logistics_simulator_v2.CO2_EMISSION"
[0m16:43:12.977492 [debug] [Thread-2 (]: On seed.logistics_simulator_v2.CO2_EMISSION: BEGIN
/* {"app": "dbt", "dbt_version": "1.12.3", "profile_name": "snowflake_trial_20260822", "target_name": "dev", "node_id": "seed.logistics_simulator_v2.CO2_EMISSION"} */
[0m16:43:13.060374 [debug] [Thread-2 (]: SQL status: SUCCESS 1 in 0.083 seconds
[0m16:43:13.066035 [debug] [Thread-2 (]: Using snowflake connection "seed.logistics_simulator_v2.CO2_EMISSION"
[0m16:43:13.066335 [debug] [Thread-2 (]: On seed.logistics_simulator_v2.CO2_EMISSION: insert overwrite into DBT_LOGISTICS.PUBLIC_SEEDS.CO2_EMISSION (TRANSPORT_MODE, VEHICLE_TYPE, AIR_DISTANCE, SEA_SIZE, SEA_FUEL_TYPE, WTW_CO2_G_T_KM, TTW_CO2_G_T_KM) values
            (%s,%s,%s,%s,%s,%s,%s),(%s,%s,%s,%s,%s,%s,%s),(%s,%s,%s,%s,%s,%s,%s),(%s,%s,%s,%s,%s,%s,%s),(%s,%s,%s,%s,%s,%s,%s),(%s,%s,%s,%s,%s,%s,%s),(%s,%s,%s,%s,%s,%s,%s),(%s,%s,%s,%s,%s,%s,%s),(%s,%s,%s,%s,%s,%s,%s),(%s,%s,%s,%s,%s,%s,%s),(%s,%s,%s,%s,%s,%s,%s),(%s,%s,%s,%s,%s,%s,%s),(%s,%s,%s,%s,%s,%s,%s),(%s,%s,%s,%s,%s,%s,%s),(%s,%s,...
[0m16:43:13.880044 [debug] [Thread-2 (]: SQL status: SUCCESS 123 in 0.813 seconds
[0m16:43:13.881753 [debug] [Thread-2 (]: Using snowflake connection "seed.logistics_simulator_v2.CO2_EMISSION"
[0m16:43:13.882630 [debug] [Thread-2 (]: On seed.logistics_simulator_v2.CO2_EMISSION: COMMIT
/* {"app": "dbt", "dbt_version": "1.12.3", "profile_name": "snowflake_trial_20260822", "target_name": "dev", "node_id": "seed.logistics_simulator_v2.CO2_EMISSION"} */
[0m16:43:14.262992 [debug] [Thread-2 (]: SQL status: SUCCESS 1 in 0.379 seconds
[0m16:43:14.270863 [debug] [Thread-2 (]: Writing runtime SQL for node "seed.logistics_simulator_v2.CO2_EMISSION"
[0m16:43:14.295839 [debug] [Thread-2 (]: Sending event: {'category': 'dbt', 'action': 'run_model', 'label': '079da616-f420-43fe-8bc5-38bbb4511f69', 'context': [<snowplow_tracker.self_describing_json.SelfDescribingJson object at 0x1023395e0>]}
[0m16:43:14.296395 [info ] [Thread-2 (]: 1 of 5 OK loaded seed file PUBLIC_SEEDS.CO2_EMISSION ........................... [[32mINSERT 123[0m in 1.66s]
[0m16:43:14.296842 [debug] [Thread-2 (]: Finished running node seed.logistics_simulator_v2.CO2_EMISSION
[0m16:43:14.297147 [debug] [Thread-2 (]: Began running node seed.logistics_simulator_v2.DIM_CARBON_TAX_RATES
[0m16:43:14.297596 [info ] [Thread-2 (]: 2 of 5 START seed file PUBLIC_SEEDS.DIM_CARBON_TAX_RATES ....................... [RUN]
[0m16:43:14.297981 [debug] [Thread-2 (]: Re-using an available connection from the pool (formerly seed.logistics_simulator_v2.CO2_EMISSION, now seed.logistics_simulator_v2.DIM_CARBON_TAX_RATES)
[0m16:43:14.298239 [debug] [Thread-2 (]: Began compiling node seed.logistics_simulator_v2.DIM_CARBON_TAX_RATES
[0m16:43:14.298486 [debug] [Thread-2 (]: Began executing node seed.logistics_simulator_v2.DIM_CARBON_TAX_RATES
[0m16:43:14.301246 [debug] [Thread-2 (]: Using snowflake connection "seed.logistics_simulator_v2.DIM_CARBON_TAX_RATES"
[0m16:43:14.301511 [debug] [Thread-2 (]: On seed.logistics_simulator_v2.DIM_CARBON_TAX_RATES: create table DBT_LOGISTICS.PUBLIC_SEEDS.DIM_CARBON_TAX_RATES (COUNTRY_CD_2CHAR text,COUNTRY_CD_3CHAR text,COUNTRY_NAME text,BASE_POINT text,CARBON_TAX_PER_T_CO2 integer)
/* {"app": "dbt", "dbt_version": "1.12.3", "profile_name": "snowflake_trial_20260822", "target_name": "dev", "node_id": "seed.logistics_simulator_v2.DIM_CARBON_TAX_RATES"} */
[0m16:43:14.675503 [debug] [Thread-2 (]: SQL status: SUCCESS 1 in 0.373 seconds
[0m16:43:14.680347 [debug] [Thread-2 (]: Using snowflake connection "seed.logistics_simulator_v2.DIM_CARBON_TAX_RATES"
[0m16:43:14.681339 [debug] [Thread-2 (]: On seed.logistics_simulator_v2.DIM_CARBON_TAX_RATES: BEGIN
/* {"app": "dbt", "dbt_version": "1.12.3", "profile_name": "snowflake_trial_20260822", "target_name": "dev", "node_id": "seed.logistics_simulator_v2.DIM_CARBON_TAX_RATES"} */
[0m16:43:14.767376 [debug] [Thread-2 (]: SQL status: SUCCESS 1 in 0.085 seconds
[0m16:43:14.770503 [debug] [Thread-2 (]: Using snowflake connection "seed.logistics_simulator_v2.DIM_CARBON_TAX_RATES"
[0m16:43:14.771479 [debug] [Thread-2 (]: On seed.logistics_simulator_v2.DIM_CARBON_TAX_RATES: insert overwrite into DBT_LOGISTICS.PUBLIC_SEEDS.DIM_CARBON_TAX_RATES (COUNTRY_CD_2CHAR, COUNTRY_CD_3CHAR, COUNTRY_NAME, BASE_POINT, CARBON_TAX_PER_T_CO2) values
            (%s,%s,%s,%s,%s),(%s,%s,%s,%s,%s),(%s,%s,%s,%s,%s),(%s,%s,%s,%s,%s),(%s,%s,%s,%s,%s),(%s,%s,%s,%s,%s),(%s,%s,%s,%s,%s),(%s,%s,%s,%s,%s),(%s,%s,%s,%s,%s)
/* {"app": "dbt", "dbt_version": "1.12.3", "profile_name": "snowflake_trial_20260822", "target_name": "dev", "node_id": "seed.logistics_simulator_v2.DIM_CARBON_TAX_RATES"} */...
[0m16:43:15.093601 [debug] [Thread-2 (]: SQL status: SUCCESS 9 in 0.321 seconds
[0m16:43:15.095269 [debug] [Thread-2 (]: Using snowflake connection "seed.logistics_simulator_v2.DIM_CARBON_TAX_RATES"
[0m16:43:15.096170 [debug] [Thread-2 (]: On seed.logistics_simulator_v2.DIM_CARBON_TAX_RATES: COMMIT
/* {"app": "dbt", "dbt_version": "1.12.3", "profile_name": "snowflake_trial_20260822", "target_name": "dev", "node_id": "seed.logistics_simulator_v2.DIM_CARBON_TAX_RATES"} */
[0m16:43:15.404365 [debug] [Thread-2 (]: SQL status: SUCCESS 1 in 0.307 seconds
[0m16:43:15.406622 [debug] [Thread-2 (]: Writing runtime SQL for node "seed.logistics_simulator_v2.DIM_CARBON_TAX_RATES"
[0m16:43:15.412373 [debug] [Thread-2 (]: Sending event: {'category': 'dbt', 'action': 'run_model', 'label': '079da616-f420-43fe-8bc5-38bbb4511f69', 'context': [<snowplow_tracker.self_describing_json.SelfDescribingJson object at 0x10866ad80>]}
[0m16:43:15.413018 [info ] [Thread-2 (]: 2 of 5 OK loaded seed file PUBLIC_SEEDS.DIM_CARBON_TAX_RATES ................... [[32mINSERT 9[0m in 1.11s]
[0m16:43:15.413537 [debug] [Thread-2 (]: Finished running node seed.logistics_simulator_v2.DIM_CARBON_TAX_RATES
[0m16:43:15.413894 [debug] [Thread-2 (]: Began running node seed.logistics_simulator_v2.DIM_TRANSPORT_FUEL
[0m16:43:15.414400 [info ] [Thread-2 (]: 3 of 5 START seed file PUBLIC_SEEDS.DIM_TRANSPORT_FUEL ......................... [RUN]
[0m16:43:15.414856 [debug] [Thread-2 (]: Re-using an available connection from the pool (formerly seed.logistics_simulator_v2.DIM_CARBON_TAX_RATES, now seed.logistics_simulator_v2.DIM_TRANSPORT_FUEL)
[0m16:43:15.415177 [debug] [Thread-2 (]: Began compiling node seed.logistics_simulator_v2.DIM_TRANSPORT_FUEL
[0m16:43:15.415473 [debug] [Thread-2 (]: Began executing node seed.logistics_simulator_v2.DIM_TRANSPORT_FUEL
[0m16:43:15.479659 [debug] [Thread-2 (]: Using snowflake connection "seed.logistics_simulator_v2.DIM_TRANSPORT_FUEL"
[0m16:43:15.479923 [debug] [Thread-2 (]: On seed.logistics_simulator_v2.DIM_TRANSPORT_FUEL: create table DBT_LOGISTICS.PUBLIC_SEEDS.DIM_TRANSPORT_FUEL (TRANSPORT_MODE text,VEHICLE_TYPE text,AIR_DISTANCE text,SEA_SIZE text,SEA_FUEL_TYPE text,FUEL_L_T_KM float8)
/* {"app": "dbt", "dbt_version": "1.12.3", "profile_name": "snowflake_trial_20260822", "target_name": "dev", "node_id": "seed.logistics_simulator_v2.DIM_TRANSPORT_FUEL"} */
[0m16:43:15.755592 [debug] [Thread-2 (]: SQL status: SUCCESS 1 in 0.275 seconds
[0m16:43:15.758972 [debug] [Thread-2 (]: Using snowflake connection "seed.logistics_simulator_v2.DIM_TRANSPORT_FUEL"
[0m16:43:15.759510 [debug] [Thread-2 (]: On seed.logistics_simulator_v2.DIM_TRANSPORT_FUEL: BEGIN
/* {"app": "dbt", "dbt_version": "1.12.3", "profile_name": "snowflake_trial_20260822", "target_name": "dev", "node_id": "seed.logistics_simulator_v2.DIM_TRANSPORT_FUEL"} */
[0m16:43:15.901690 [debug] [Thread-2 (]: SQL status: SUCCESS 1 in 0.141 seconds
[0m16:43:15.910705 [debug] [Thread-2 (]: Using snowflake connection "seed.logistics_simulator_v2.DIM_TRANSPORT_FUEL"
[0m16:43:15.911111 [debug] [Thread-2 (]: On seed.logistics_simulator_v2.DIM_TRANSPORT_FUEL: insert overwrite into DBT_LOGISTICS.PUBLIC_SEEDS.DIM_TRANSPORT_FUEL (TRANSPORT_MODE, VEHICLE_TYPE, AIR_DISTANCE, SEA_SIZE, SEA_FUEL_TYPE, FUEL_L_T_KM) values
            (%s,%s,%s,%s,%s,%s),(%s,%s,%s,%s,%s,%s),(%s,%s,%s,%s,%s,%s),(%s,%s,%s,%s,%s,%s),(%s,%s,%s,%s,%s,%s),(%s,%s,%s,%s,%s,%s),(%s,%s,%s,%s,%s,%s),(%s,%s,%s,%s,%s,%s),(%s,%s,%s,%s,%s,%s),(%s,%s,%s,%s,%s,%s),(%s,%s,%s,%s,%s,%s),(%s,%s,%s,%s,%s,%s),(%s,%s,%s,%s,%s,%s),(%s,%s,%s,%s,%s,%s),(%s,%s,%s,%s,%s,%s),(%s,%s,%s,%s,%s,%s),(%s,%s,%s,%s,%s,%s),(%...
[0m16:43:16.311418 [debug] [Thread-2 (]: SQL status: SUCCESS 123 in 0.400 seconds
[0m16:43:16.313061 [debug] [Thread-2 (]: Using snowflake connection "seed.logistics_simulator_v2.DIM_TRANSPORT_FUEL"
[0m16:43:16.313666 [debug] [Thread-2 (]: On seed.logistics_simulator_v2.DIM_TRANSPORT_FUEL: COMMIT
/* {"app": "dbt", "dbt_version": "1.12.3", "profile_name": "snowflake_trial_20260822", "target_name": "dev", "node_id": "seed.logistics_simulator_v2.DIM_TRANSPORT_FUEL"} */
[0m16:43:16.723178 [debug] [Thread-2 (]: SQL status: SUCCESS 1 in 0.409 seconds
[0m16:43:16.725526 [debug] [Thread-2 (]: Writing runtime SQL for node "seed.logistics_simulator_v2.DIM_TRANSPORT_FUEL"
[0m16:43:16.729709 [debug] [Thread-2 (]: Sending event: {'category': 'dbt', 'action': 'run_model', 'label': '079da616-f420-43fe-8bc5-38bbb4511f69', 'context': [<snowplow_tracker.self_describing_json.SelfDescribingJson object at 0x10897df10>]}
[0m16:43:16.730264 [info ] [Thread-2 (]: 3 of 5 OK loaded seed file PUBLIC_SEEDS.DIM_TRANSPORT_FUEL ..................... [[32mINSERT 123[0m in 1.31s]
[0m16:43:16.730769 [debug] [Thread-2 (]: Finished running node seed.logistics_simulator_v2.DIM_TRANSPORT_FUEL
[0m16:43:16.731127 [debug] [Thread-2 (]: Began running node seed.logistics_simulator_v2.FCT_FUEL_PRICES
[0m16:43:16.731669 [info ] [Thread-2 (]: 4 of 5 START seed file PUBLIC_SEEDS.FCT_FUEL_PRICES ............................ [RUN]
[0m16:43:16.732186 [debug] [Thread-2 (]: Re-using an available connection from the pool (formerly seed.logistics_simulator_v2.DIM_TRANSPORT_FUEL, now seed.logistics_simulator_v2.FCT_FUEL_PRICES)
[0m16:43:16.732542 [debug] [Thread-2 (]: Began compiling node seed.logistics_simulator_v2.FCT_FUEL_PRICES
[0m16:43:16.732850 [debug] [Thread-2 (]: Began executing node seed.logistics_simulator_v2.FCT_FUEL_PRICES
[0m16:43:16.738465 [debug] [Thread-2 (]: Using snowflake connection "seed.logistics_simulator_v2.FCT_FUEL_PRICES"
[0m16:43:16.738889 [debug] [Thread-2 (]: On seed.logistics_simulator_v2.FCT_FUEL_PRICES: create table DBT_LOGISTICS.PUBLIC_SEEDS.FCT_FUEL_PRICES (DATE date,FUEL_TYPE text,FUEL_PRICE_USD_PER_L float8)
/* {"app": "dbt", "dbt_version": "1.12.3", "profile_name": "snowflake_trial_20260822", "target_name": "dev", "node_id": "seed.logistics_simulator_v2.FCT_FUEL_PRICES"} */
[0m16:43:17.028302 [debug] [Thread-2 (]: SQL status: SUCCESS 1 in 0.289 seconds
[0m16:43:17.031545 [debug] [Thread-2 (]: Using snowflake connection "seed.logistics_simulator_v2.FCT_FUEL_PRICES"
[0m16:43:17.032111 [debug] [Thread-2 (]: On seed.logistics_simulator_v2.FCT_FUEL_PRICES: BEGIN
/* {"app": "dbt", "dbt_version": "1.12.3", "profile_name": "snowflake_trial_20260822", "target_name": "dev", "node_id": "seed.logistics_simulator_v2.FCT_FUEL_PRICES"} */
[0m16:43:17.111871 [debug] [Thread-2 (]: SQL status: SUCCESS 1 in 0.079 seconds
[0m16:43:17.121574 [debug] [Thread-2 (]: Using snowflake connection "seed.logistics_simulator_v2.FCT_FUEL_PRICES"
[0m16:43:17.122152 [debug] [Thread-2 (]: On seed.logistics_simulator_v2.FCT_FUEL_PRICES: insert overwrite into DBT_LOGISTICS.PUBLIC_SEEDS.FCT_FUEL_PRICES (DATE, FUEL_TYPE, FUEL_PRICE_USD_PER_L) values
            (%s,%s,%s),(%s,%s,%s),(%s,%s,%s),(%s,%s,%s),(%s,%s,%s),(%s,%s,%s),(%s,%s,%s),(%s,%s,%s),(%s,%s,%s),(%s,%s,%s),(%s,%s,%s),(%s,%s,%s),(%s,%s,%s),(%s,%s,%s),(%s,%s,%s),(%s,%s,%s),(%s,%s,%s),(%s,%s,%s),(%s,%s,%s),(%s,%s,%s),(%s,%s,%s),(%s,%s,%s),(%s,%s,%s),(%s,%s,%s),(%s,%s,%s),(%s,%s,%s),(%s,%s,%s),(%s,%s,%s),(%s,%s,%s),(%s,%s,%s),(%s,%s,%s),(%s,%s,%s),(%s,%s,%s),(%s,%s,%s),(%s,%s,%s),(%s...
[0m16:43:17.746657 [debug] [Thread-2 (]: SQL status: SUCCESS 180 in 0.624 seconds
[0m16:43:17.747918 [debug] [Thread-2 (]: Using snowflake connection "seed.logistics_simulator_v2.FCT_FUEL_PRICES"
[0m16:43:17.748419 [debug] [Thread-2 (]: On seed.logistics_simulator_v2.FCT_FUEL_PRICES: COMMIT
/* {"app": "dbt", "dbt_version": "1.12.3", "profile_name": "snowflake_trial_20260822", "target_name": "dev", "node_id": "seed.logistics_simulator_v2.FCT_FUEL_PRICES"} */
[0m16:43:18.060565 [debug] [Thread-2 (]: SQL status: SUCCESS 1 in 0.312 seconds
[0m16:43:18.062156 [debug] [Thread-2 (]: Writing runtime SQL for node "seed.logistics_simulator_v2.FCT_FUEL_PRICES"
[0m16:43:18.066849 [debug] [Thread-2 (]: Sending event: {'category': 'dbt', 'action': 'run_model', 'label': '079da616-f420-43fe-8bc5-38bbb4511f69', 'context': [<snowplow_tracker.self_describing_json.SelfDescribingJson object at 0x108b0f680>]}
[0m16:43:18.067658 [info ] [Thread-2 (]: 4 of 5 OK loaded seed file PUBLIC_SEEDS.FCT_FUEL_PRICES ........................ [[32mINSERT 180[0m in 1.33s]
[0m16:43:18.068362 [debug] [Thread-2 (]: Finished running node seed.logistics_simulator_v2.FCT_FUEL_PRICES
[0m16:43:18.068858 [debug] [Thread-2 (]: Began running node seed.logistics_simulator_v2.MAIN_PORTS
[0m16:43:18.069566 [info ] [Thread-2 (]: 5 of 5 START seed file PUBLIC_SEEDS.MAIN_PORTS ................................. [RUN]
[0m16:43:18.070174 [debug] [Thread-2 (]: Re-using an available connection from the pool (formerly seed.logistics_simulator_v2.FCT_FUEL_PRICES, now seed.logistics_simulator_v2.MAIN_PORTS)
[0m16:43:18.070563 [debug] [Thread-2 (]: Began compiling node seed.logistics_simulator_v2.MAIN_PORTS
[0m16:43:18.070942 [debug] [Thread-2 (]: Began executing node seed.logistics_simulator_v2.MAIN_PORTS
[0m16:43:18.078962 [debug] [Thread-2 (]: Using snowflake connection "seed.logistics_simulator_v2.MAIN_PORTS"
[0m16:43:18.079637 [debug] [Thread-2 (]: On seed.logistics_simulator_v2.MAIN_PORTS: create table DBT_LOGISTICS.PUBLIC_SEEDS.MAIN_PORTS (ID text,COUNTRY_CD_2CHAR text,COUNTRY_CD_3CHAR text,COUNTRY_NAME text,BASE_POINT text,TRANSPORT_MODE text,PORT_NAME_JP text,PORT_NAME_EN text,LATITUDE float8,LONGITUDE float8,COST_TYPE text,COST_PER_KM_WT float8,COST_PER_CONTAINER integer,MINIMUM_CHARGE integer)
/* {"app": "dbt", "dbt_version": "1.12.3", "profile_name": "snowflake_trial_20260822", "target_name": "dev", "node_id": "seed.logistics_simulator_v2.MAIN_PORTS"} */
[0m16:43:18.345455 [debug] [Thread-2 (]: SQL status: SUCCESS 1 in 0.265 seconds
[0m16:43:18.350543 [debug] [Thread-2 (]: Using snowflake connection "seed.logistics_simulator_v2.MAIN_PORTS"
[0m16:43:18.351561 [debug] [Thread-2 (]: On seed.logistics_simulator_v2.MAIN_PORTS: BEGIN
/* {"app": "dbt", "dbt_version": "1.12.3", "profile_name": "snowflake_trial_20260822", "target_name": "dev", "node_id": "seed.logistics_simulator_v2.MAIN_PORTS"} */
[0m16:43:18.424907 [debug] [Thread-2 (]: SQL status: SUCCESS 1 in 0.072 seconds
[0m16:43:18.430357 [debug] [Thread-2 (]: Using snowflake connection "seed.logistics_simulator_v2.MAIN_PORTS"
[0m16:43:18.430848 [debug] [Thread-2 (]: On seed.logistics_simulator_v2.MAIN_PORTS: insert overwrite into DBT_LOGISTICS.PUBLIC_SEEDS.MAIN_PORTS (ID, COUNTRY_CD_2CHAR, COUNTRY_CD_3CHAR, COUNTRY_NAME, BASE_POINT, TRANSPORT_MODE, PORT_NAME_JP, PORT_NAME_EN, LATITUDE, LONGITUDE, COST_TYPE, COST_PER_KM_WT, COST_PER_CONTAINER, MINIMUM_CHARGE) values
            (%s,%s,%s,%s,%s,%s,%s,%s,%s,%s,%s,%s,%s,%s),(%s,%s,%s,%s,%s,%s,%s,%s,%s,%s,%s,%s,%s,%s),(%s,%s,%s,%s,%s,%s,%s,%s,%s,%s,%s,%s,%s,%s),(%s,%s,%s,%s,%s,%s,%s,%s,%s,%s,%s,%s,%s,%s),(%s,%s,%s,%s,%s,%s,%s,%s,%s,%s,%s,%s,%s,%s),(%s,%s,%s,%s,%s,%s...
[0m16:43:18.974533 [debug] [Thread-2 (]: SQL status: SUCCESS 36 in 0.543 seconds
[0m16:43:18.976278 [debug] [Thread-2 (]: Using snowflake connection "seed.logistics_simulator_v2.MAIN_PORTS"
[0m16:43:18.977210 [debug] [Thread-2 (]: On seed.logistics_simulator_v2.MAIN_PORTS: COMMIT
/* {"app": "dbt", "dbt_version": "1.12.3", "profile_name": "snowflake_trial_20260822", "target_name": "dev", "node_id": "seed.logistics_simulator_v2.MAIN_PORTS"} */
[0m16:43:19.280850 [debug] [Thread-2 (]: SQL status: SUCCESS 1 in 0.303 seconds
[0m16:43:19.283015 [debug] [Thread-2 (]: Writing runtime SQL for node "seed.logistics_simulator_v2.MAIN_PORTS"
[0m16:43:19.287632 [debug] [Thread-2 (]: Sending event: {'category': 'dbt', 'action': 'run_model', 'label': '079da616-f420-43fe-8bc5-38bbb4511f69', 'context': [<snowplow_tracker.self_describing_json.SelfDescribingJson object at 0x108d6c5c0>]}
[0m16:43:19.288377 [info ] [Thread-2 (]: 5 of 5 OK loaded seed file PUBLIC_SEEDS.MAIN_PORTS ............................. [[32mINSERT 36[0m in 1.22s]
[0m16:43:19.289069 [debug] [Thread-2 (]: Finished running node seed.logistics_simulator_v2.MAIN_PORTS
[0m16:43:19.290668 [debug] [MainThread]: Connection 'master' was properly closed.
[0m16:43:19.291069 [debug] [MainThread]: Connection 'seed.logistics_simulator_v2.MAIN_PORTS' was left open.
[0m16:43:19.291437 [debug] [MainThread]: On seed.logistics_simulator_v2.MAIN_PORTS: Close
[0m16:43:19.368968 [info ] [MainThread]: 
[0m16:43:19.369817 [info ] [MainThread]: Finished running 5 seeds in 0 hours 0 minutes and 8.04 seconds (8.04s).
[0m16:43:19.371129 [debug] [MainThread]: Command end result
[0m16:43:19.414047 [debug] [MainThread]: Wrote artifact WritableManifest to /Users/uramasaharu/Documents/develop/gachi_dataengineer_pj/04_logistics_ver2/logistics_simulator/target/manifest.json
[0m16:43:19.415509 [debug] [MainThread]: Wrote artifact SemanticManifest to /Users/uramasaharu/Documents/develop/gachi_dataengineer_pj/04_logistics_ver2/logistics_simulator/target/semantic_manifest.json
[0m16:43:19.416763 [debug] [MainThread]: Wrote artifact OsiDocument to /Users/uramasaharu/Documents/develop/gachi_dataengineer_pj/04_logistics_ver2/logistics_simulator/target/osi_document.json
[0m16:43:19.420238 [debug] [MainThread]: Wrote artifact RunExecutionResult to /Users/uramasaharu/Documents/develop/gachi_dataengineer_pj/04_logistics_ver2/logistics_simulator/target/run_results.json
[0m16:43:19.420412 [info ] [MainThread]: 
[0m16:43:19.420601 [info ] [MainThread]: [32mCompleted successfully[0m
[0m16:43:19.420744 [info ] [MainThread]: 
[0m16:43:19.420893 [info ] [MainThread]: Done. PASS=5 WARN=0 ERROR=0 SKIP=0 NO-OP=0 REUSED=0 TOTAL=5
[0m16:43:19.423143 [debug] [MainThread]: Resource report: {"command_name": "seed", "command_success": true, "command_wall_clock_time": 8.670697, "process_in_blocks": "0", "process_kernel_time": 0.255335, "process_mem_max_rss": "184418304", "process_out_blocks": "0", "process_user_time": 1.482912}
[0m16:43:19.423358 [debug] [MainThread]: Command `dbt seed` succeeded at 16:43:19.423320 after 8.67 seconds
[0m16:43:19.423545 [debug] [MainThread]: Sending event: {'category': 'dbt', 'action': 'invocation', 'label': 'end', 'context': [<snowplow_tracker.self_describing_json.SelfDescribingJson object at 0x1001b6e70>, <snowplow_tracker.self_describing_json.SelfDescribingJson object at 0x101f6ba40>, <snowplow_tracker.self_describing_json.SelfDescribingJson object at 0x102facec0>]}
[0m16:43:19.423713 [debug] [MainThread]: Flushing usage events
[0m16:43:20.313808 [debug] [MainThread]: An error was encountered while trying to flush usage events
[0m16:44:02.211136 [debug] [MainThread]: Sending event: {'category': 'dbt', 'action': 'invocation', 'label': 'start', 'context': [<snowplow_tracker.self_describing_json.SelfDescribingJson object at 0x106e40b90>, <snowplow_tracker.self_describing_json.SelfDescribingJson object at 0x11a7d7e60>, <snowplow_tracker.self_describing_json.SelfDescribingJson object at 0x11a94a9c0>]}


============================== 16:44:02.213377 | 7a2b3b4f-cc6b-4373-befb-feec70fefe9e ==============================
[0m16:44:02.213377 [info ] [MainThread]: Running with dbt=1.12.3
[0m16:44:02.213643 [debug] [MainThread]: running dbt with arguments {'introspect': 'True', 'use_colors': 'True', 'static_parser': 'True', 'log_path': '/Users/uramasaharu/Documents/develop/gachi_dataengineer_pj/04_logistics_ver2/logistics_simulator/logs', 'version_check': 'True', 'warn_error_options': 'WarnErrorOptionsV2(error=[], warn=[], silence=[])', 'hints_enabled': 'True', 'log_format': 'default', 'quiet': 'False', 'indirect_selection': 'eager', 'invocation_command': 'dbt build', 'printer_width': '80', 'fail_fast': 'False', 'no_print': 'None', 'partial_parse': 'True', 'empty': 'False', 'send_anonymous_usage_stats': 'True', 'profiles_dir': '/Users/uramasaharu/.dbt', 'target_path': 'None', 'warn_error': 'None', 'cache_selected_only': 'False', 'write_json': 'True', 'maximum_seed_size_mib': '1', 'log_cache_events': 'False', 'debug': 'False', 'use_experimental_parser': 'False'}
[0m16:44:02.411860 [debug] [MainThread]: Snowflake adapter: Setting snowflake.connector to ERROR (file logging only)
[0m16:44:02.412139 [debug] [MainThread]: Snowflake adapter: Setting botocore to ERROR (file logging only)
[0m16:44:02.412270 [debug] [MainThread]: Snowflake adapter: Setting boto3 to ERROR (file logging only)
[0m16:44:02.511625 [debug] [MainThread]: Sending event: {'category': 'dbt', 'action': 'project_id', 'label': '7a2b3b4f-cc6b-4373-befb-feec70fefe9e', 'context': [<snowplow_tracker.self_describing_json.SelfDescribingJson object at 0x11904bc20>]}
[0m16:44:02.536210 [debug] [MainThread]: Sending event: {'category': 'dbt', 'action': 'adapter_info', 'label': '7a2b3b4f-cc6b-4373-befb-feec70fefe9e', 'context': [<snowplow_tracker.self_describing_json.SelfDescribingJson object at 0x11a7d7620>]}
[0m16:44:02.536923 [info ] [MainThread]: Registered adapter: snowflake=1.12.0
[0m16:44:02.600498 [debug] [MainThread]: checksum: 461150643511e3fa788b8cb99fca0341d3ab88c665cbbf242aaee2d85637f7d4, vars: {}, profile: snowflake_trial_20260822, target: dev, version: 1.12.3
[0m16:44:02.687639 [debug] [MainThread]: Partial parsing enabled: 0 files deleted, 0 files added, 0 files changed.
[0m16:44:02.687839 [debug] [MainThread]: Nothing changed, skipping partial parsing.
[0m16:44:02.687952 [debug] [MainThread]: Partial parsing enabled, no changes found, skipping parsing
[0m16:44:02.691955 [debug] [MainThread]: Sending event: {'category': 'dbt', 'action': 'load_project', 'label': '7a2b3b4f-cc6b-4373-befb-feec70fefe9e', 'context': [<snowplow_tracker.self_describing_json.SelfDescribingJson object at 0x11f69e5a0>]}
[0m16:44:02.759734 [debug] [MainThread]: Wrote artifact WritableManifest to /Users/uramasaharu/Documents/develop/gachi_dataengineer_pj/04_logistics_ver2/logistics_simulator/target/manifest.json
[0m16:44:02.761296 [debug] [MainThread]: Wrote artifact SemanticManifest to /Users/uramasaharu/Documents/develop/gachi_dataengineer_pj/04_logistics_ver2/logistics_simulator/target/semantic_manifest.json
[0m16:44:02.770769 [debug] [MainThread]: Wrote artifact OsiDocument to /Users/uramasaharu/Documents/develop/gachi_dataengineer_pj/04_logistics_ver2/logistics_simulator/target/osi_document.json
[0m16:44:02.783171 [debug] [MainThread]: Sending event: {'category': 'dbt', 'action': 'resource_counts', 'label': '7a2b3b4f-cc6b-4373-befb-feec70fefe9e', 'context': [<snowplow_tracker.self_describing_json.SelfDescribingJson object at 0x11fc95820>]}
[0m16:44:02.783402 [info ] [MainThread]: Found 12 models, 5 seeds, 51 data tests, 6 sources, 690 macros
[0m16:44:02.785425 [info ] [MainThread]: 
[0m16:44:02.785574 [info ] [MainThread]: Concurrency: 1 threads (target='dev')
[0m16:44:02.785694 [info ] [MainThread]: 
[0m16:44:02.785922 [debug] [MainThread]: Acquiring new snowflake connection 'master'
[0m16:44:02.787867 [debug] [ThreadPool]: Acquiring new snowflake connection 'list_DBT_LOGISTICS'
[0m16:44:02.794318 [debug] [ThreadPool]: Using snowflake connection "list_DBT_LOGISTICS"
[0m16:44:02.794520 [debug] [ThreadPool]: On list_DBT_LOGISTICS: show terse schemas in database DBT_LOGISTICS
    limit 10000
/* {"app": "dbt", "dbt_version": "1.12.3", "profile_name": "snowflake_trial_20260822", "target_name": "dev", "connection_name": "list_DBT_LOGISTICS"} */
[0m16:44:02.794636 [debug] [ThreadPool]: Opening a new connection, currently in state init
[0m16:44:04.008212 [debug] [ThreadPool]: SQL status: SUCCESS 6 in 1.214 seconds
[0m16:44:04.009889 [debug] [ThreadPool]: Using snowflake connection "list_DBT_LOGISTICS"
[0m16:44:04.010120 [debug] [ThreadPool]: On list_DBT_LOGISTICS: show terse schemas in database DBT_LOGISTICS
    limit 10000
/* {"app": "dbt", "dbt_version": "1.12.3", "profile_name": "snowflake_trial_20260822", "target_name": "dev", "connection_name": "list_DBT_LOGISTICS"} */
[0m16:44:04.070564 [debug] [ThreadPool]: SQL status: SUCCESS 6 in 0.060 seconds
[0m16:44:04.072816 [debug] [ThreadPool]: Using snowflake connection "list_DBT_LOGISTICS"
[0m16:44:04.073160 [debug] [ThreadPool]: On list_DBT_LOGISTICS: show terse schemas in database DBT_LOGISTICS
    limit 10000
/* {"app": "dbt", "dbt_version": "1.12.3", "profile_name": "snowflake_trial_20260822", "target_name": "dev", "connection_name": "list_DBT_LOGISTICS"} */
[0m16:44:04.130082 [debug] [ThreadPool]: SQL status: SUCCESS 6 in 0.057 seconds
[0m16:44:04.131767 [debug] [ThreadPool]: Using snowflake connection "list_DBT_LOGISTICS"
[0m16:44:04.132026 [debug] [ThreadPool]: On list_DBT_LOGISTICS: show terse schemas in database DBT_LOGISTICS
    limit 10000
/* {"app": "dbt", "dbt_version": "1.12.3", "profile_name": "snowflake_trial_20260822", "target_name": "dev", "connection_name": "list_DBT_LOGISTICS"} */
[0m16:44:04.206058 [debug] [ThreadPool]: SQL status: SUCCESS 6 in 0.074 seconds
[0m16:44:04.209249 [debug] [ThreadPool]: Re-using an available connection from the pool (formerly list_DBT_LOGISTICS, now list_DBT_LOGISTICS_PUBLIC_INTERMEDIATE)
[0m16:44:04.219114 [debug] [ThreadPool]: Using snowflake connection "list_DBT_LOGISTICS_PUBLIC_INTERMEDIATE"
[0m16:44:04.219409 [debug] [ThreadPool]: On list_DBT_LOGISTICS_PUBLIC_INTERMEDIATE: show objects in DBT_LOGISTICS.PUBLIC_INTERMEDIATE
    limit 10000
    

/* {"app": "dbt", "dbt_version": "1.12.3", "profile_name": "snowflake_trial_20260822", "target_name": "dev", "connection_name": "list_DBT_LOGISTICS_PUBLIC_INTERMEDIATE"} */;
[0m16:44:04.276341 [debug] [ThreadPool]: SQL status: SUCCESS 0 in 0.057 seconds
[0m16:44:04.281847 [debug] [ThreadPool]: Using snowflake connection "list_DBT_LOGISTICS_PUBLIC_INTERMEDIATE"
[0m16:44:04.282209 [debug] [ThreadPool]: On list_DBT_LOGISTICS_PUBLIC_INTERMEDIATE: show user functions in DBT_LOGISTICS.PUBLIC_INTERMEDIATE
/* {"app": "dbt", "dbt_version": "1.12.3", "profile_name": "snowflake_trial_20260822", "target_name": "dev", "connection_name": "list_DBT_LOGISTICS_PUBLIC_INTERMEDIATE"} */
[0m16:44:04.352927 [debug] [ThreadPool]: SQL status: SUCCESS 0 in 0.070 seconds
[0m16:44:04.353886 [debug] [ThreadPool]: Re-using an available connection from the pool (formerly list_DBT_LOGISTICS_PUBLIC_INTERMEDIATE, now list_DBT_LOGISTICS_PUBLIC_SEEDS)
[0m16:44:04.354743 [debug] [ThreadPool]: Using snowflake connection "list_DBT_LOGISTICS_PUBLIC_SEEDS"
[0m16:44:04.354967 [debug] [ThreadPool]: On list_DBT_LOGISTICS_PUBLIC_SEEDS: show objects in DBT_LOGISTICS.PUBLIC_SEEDS
    limit 10000
    

/* {"app": "dbt", "dbt_version": "1.12.3", "profile_name": "snowflake_trial_20260822", "target_name": "dev", "connection_name": "list_DBT_LOGISTICS_PUBLIC_SEEDS"} */;
[0m16:44:04.420338 [debug] [ThreadPool]: SQL status: SUCCESS 5 in 0.065 seconds
[0m16:44:04.422644 [debug] [ThreadPool]: Using snowflake connection "list_DBT_LOGISTICS_PUBLIC_SEEDS"
[0m16:44:04.422930 [debug] [ThreadPool]: On list_DBT_LOGISTICS_PUBLIC_SEEDS: show user functions in DBT_LOGISTICS.PUBLIC_SEEDS
/* {"app": "dbt", "dbt_version": "1.12.3", "profile_name": "snowflake_trial_20260822", "target_name": "dev", "connection_name": "list_DBT_LOGISTICS_PUBLIC_SEEDS"} */
[0m16:44:04.480232 [debug] [ThreadPool]: SQL status: SUCCESS 0 in 0.057 seconds
[0m16:44:04.483255 [debug] [ThreadPool]: Re-using an available connection from the pool (formerly list_DBT_LOGISTICS_PUBLIC_SEEDS, now list_DBT_LOGISTICS_PUBLIC_ANALYTICS)
[0m16:44:04.486596 [debug] [ThreadPool]: Using snowflake connection "list_DBT_LOGISTICS_PUBLIC_ANALYTICS"
[0m16:44:04.487071 [debug] [ThreadPool]: On list_DBT_LOGISTICS_PUBLIC_ANALYTICS: show objects in DBT_LOGISTICS.PUBLIC_ANALYTICS
    limit 10000
    

/* {"app": "dbt", "dbt_version": "1.12.3", "profile_name": "snowflake_trial_20260822", "target_name": "dev", "connection_name": "list_DBT_LOGISTICS_PUBLIC_ANALYTICS"} */;
[0m16:44:04.541070 [debug] [ThreadPool]: SQL status: SUCCESS 0 in 0.053 seconds
[0m16:44:04.545200 [debug] [ThreadPool]: Using snowflake connection "list_DBT_LOGISTICS_PUBLIC_ANALYTICS"
[0m16:44:04.545744 [debug] [ThreadPool]: On list_DBT_LOGISTICS_PUBLIC_ANALYTICS: show user functions in DBT_LOGISTICS.PUBLIC_ANALYTICS
/* {"app": "dbt", "dbt_version": "1.12.3", "profile_name": "snowflake_trial_20260822", "target_name": "dev", "connection_name": "list_DBT_LOGISTICS_PUBLIC_ANALYTICS"} */
[0m16:44:04.599229 [debug] [ThreadPool]: SQL status: SUCCESS 0 in 0.053 seconds
[0m16:44:04.602358 [debug] [ThreadPool]: Re-using an available connection from the pool (formerly list_DBT_LOGISTICS_PUBLIC_ANALYTICS, now list_DBT_LOGISTICS_PUBLIC_STAGING)
[0m16:44:04.604717 [debug] [ThreadPool]: Using snowflake connection "list_DBT_LOGISTICS_PUBLIC_STAGING"
[0m16:44:04.605487 [debug] [ThreadPool]: On list_DBT_LOGISTICS_PUBLIC_STAGING: show objects in DBT_LOGISTICS.PUBLIC_STAGING
    limit 10000
    

/* {"app": "dbt", "dbt_version": "1.12.3", "profile_name": "snowflake_trial_20260822", "target_name": "dev", "connection_name": "list_DBT_LOGISTICS_PUBLIC_STAGING"} */;
[0m16:44:04.679508 [debug] [ThreadPool]: SQL status: SUCCESS 0 in 0.074 seconds
[0m16:44:04.683133 [debug] [ThreadPool]: Using snowflake connection "list_DBT_LOGISTICS_PUBLIC_STAGING"
[0m16:44:04.683621 [debug] [ThreadPool]: On list_DBT_LOGISTICS_PUBLIC_STAGING: show user functions in DBT_LOGISTICS.PUBLIC_STAGING
/* {"app": "dbt", "dbt_version": "1.12.3", "profile_name": "snowflake_trial_20260822", "target_name": "dev", "connection_name": "list_DBT_LOGISTICS_PUBLIC_STAGING"} */
[0m16:44:04.741968 [debug] [ThreadPool]: SQL status: SUCCESS 0 in 0.058 seconds
[0m16:44:04.743503 [debug] [MainThread]: Sending event: {'category': 'dbt', 'action': 'runnable_timing', 'label': '7a2b3b4f-cc6b-4373-befb-feec70fefe9e', 'context': [<snowplow_tracker.self_describing_json.SelfDescribingJson object at 0x11ff10530>]}
[0m16:44:04.746558 [debug] [Thread-2 (]: Began running node model.logistics_simulator_v2.stg_DEV_SEEDS__CO2_EMISSION
[0m16:44:04.746956 [info ] [Thread-2 (]: 1 of 68 START sql view model PUBLIC_STAGING.stg_DEV_SEEDS__CO2_EMISSION ........ [RUN]
[0m16:44:04.747283 [debug] [Thread-2 (]: Re-using an available connection from the pool (formerly list_DBT_LOGISTICS_PUBLIC_STAGING, now model.logistics_simulator_v2.stg_DEV_SEEDS__CO2_EMISSION)
[0m16:44:04.747504 [debug] [Thread-2 (]: Began compiling node model.logistics_simulator_v2.stg_DEV_SEEDS__CO2_EMISSION
[0m16:44:04.753691 [debug] [Thread-2 (]: Writing injected SQL for node "model.logistics_simulator_v2.stg_DEV_SEEDS__CO2_EMISSION"
[0m16:44:04.754450 [debug] [Thread-2 (]: Began executing node model.logistics_simulator_v2.stg_DEV_SEEDS__CO2_EMISSION
[0m16:44:04.798899 [debug] [Thread-2 (]: Writing runtime sql for node "model.logistics_simulator_v2.stg_DEV_SEEDS__CO2_EMISSION"
[0m16:44:04.799559 [debug] [Thread-2 (]: Using snowflake connection "model.logistics_simulator_v2.stg_DEV_SEEDS__CO2_EMISSION"
[0m16:44:04.799747 [debug] [Thread-2 (]: On model.logistics_simulator_v2.stg_DEV_SEEDS__CO2_EMISSION: create or replace   view DBT_LOGISTICS.PUBLIC_STAGING.stg_DEV_SEEDS__CO2_EMISSION
  
  
  
  
  as (
    with source as (
        select * from DBT_LOGISTICS.DEV_SEEDS.CO2_EMISSION
  ),
  renamed as (
      select
          "TRANSPORT_MODE",
        "VEHICLE_TYPE",
        "AIR_DISTANCE",
        "SEA_SIZE",
        "SEA_FUEL_TYPE",
        "WTW_CO2_G_T_KM",
        "TTW_CO2_G_T_KM"

      from source
  )
  select * from renamed
  )
/* {"app": "dbt", "dbt_version": "1.12.3", "profile_name": "snowflake_trial_20260822", "target_name": "dev", "node_id": "model.logistics_simulator_v2.stg_DEV_SEEDS__CO2_EMISSION"} */;
[0m16:44:04.852255 [debug] [Thread-2 (]: Snowflake adapter: Snowflake query id: 01c68e30-0104-7997-0005-1826000304a6
[0m16:44:04.852481 [debug] [Thread-2 (]: Snowflake adapter: Snowflake error: 002003 (02000): SQL compilation error:
Schema 'DBT_LOGISTICS.DEV_SEEDS' does not exist or not authorized.
[0m16:44:04.854511 [debug] [Thread-2 (]: Database Error in model stg_DEV_SEEDS__CO2_EMISSION (models/staging/stg_DEV_SEEDS__CO2_EMISSION.sql)
  002003 (02000): SQL compilation error:
  Schema 'DBT_LOGISTICS.DEV_SEEDS' does not exist or not authorized.
  compiled code at target/run/logistics_simulator_v2/models/staging/stg_DEV_SEEDS__CO2_EMISSION.sql
[0m16:44:04.855458 [debug] [Thread-2 (]: Sending event: {'category': 'dbt', 'action': 'run_model', 'label': '7a2b3b4f-cc6b-4373-befb-feec70fefe9e', 'context': [<snowplow_tracker.self_describing_json.SelfDescribingJson object at 0x118f8cb60>]}
[0m16:44:04.855780 [error] [Thread-2 (]: 1 of 68 ERROR creating sql view model PUBLIC_STAGING.stg_DEV_SEEDS__CO2_EMISSION  [[31mERROR[0m in 0.11s]
[0m16:44:04.856058 [debug] [Thread-2 (]: Finished running node model.logistics_simulator_v2.stg_DEV_SEEDS__CO2_EMISSION
[0m16:44:04.856253 [debug] [Thread-2 (]: Began running node model.logistics_simulator_v2.stg_DEV_SEEDS__DIM_CARBON_TAX_RATES
[0m16:44:04.856475 [debug] [Thread-5 (]: Marking all children of 'model.logistics_simulator_v2.stg_DEV_SEEDS__CO2_EMISSION' to be skipped because of status 'error'.  Reason: Database Error in model stg_DEV_SEEDS__CO2_EMISSION (models/staging/stg_DEV_SEEDS__CO2_EMISSION.sql)
  002003 (02000): SQL compilation error:
  Schema 'DBT_LOGISTICS.DEV_SEEDS' does not exist or not authorized.
  compiled code at target/run/logistics_simulator_v2/models/staging/stg_DEV_SEEDS__CO2_EMISSION.sql.
[0m16:44:04.856718 [info ] [Thread-2 (]: 2 of 68 START sql view model PUBLIC_STAGING.stg_DEV_SEEDS__DIM_CARBON_TAX_RATES  [RUN]
[0m16:44:04.857223 [debug] [Thread-2 (]: Re-using an available connection from the pool (formerly model.logistics_simulator_v2.stg_DEV_SEEDS__CO2_EMISSION, now model.logistics_simulator_v2.stg_DEV_SEEDS__DIM_CARBON_TAX_RATES)
[0m16:44:04.857423 [debug] [Thread-2 (]: Began compiling node model.logistics_simulator_v2.stg_DEV_SEEDS__DIM_CARBON_TAX_RATES
[0m16:44:04.858928 [debug] [Thread-2 (]: Writing injected SQL for node "model.logistics_simulator_v2.stg_DEV_SEEDS__DIM_CARBON_TAX_RATES"
[0m16:44:04.859273 [debug] [Thread-2 (]: Began executing node model.logistics_simulator_v2.stg_DEV_SEEDS__DIM_CARBON_TAX_RATES
[0m16:44:04.860138 [debug] [Thread-2 (]: Writing runtime sql for node "model.logistics_simulator_v2.stg_DEV_SEEDS__DIM_CARBON_TAX_RATES"
[0m16:44:04.860726 [debug] [Thread-2 (]: Using snowflake connection "model.logistics_simulator_v2.stg_DEV_SEEDS__DIM_CARBON_TAX_RATES"
[0m16:44:04.860899 [debug] [Thread-2 (]: On model.logistics_simulator_v2.stg_DEV_SEEDS__DIM_CARBON_TAX_RATES: create or replace   view DBT_LOGISTICS.PUBLIC_STAGING.stg_DEV_SEEDS__DIM_CARBON_TAX_RATES
  
  
  
  
  as (
    with source as (
        select * from DBT_LOGISTICS.DEV_SEEDS.DIM_CARBON_TAX_RATES
  ),
  renamed as (
      select
          "COUNTRY_CD_2CHAR",
        "COUNTRY_CD_3CHAR",
        "COUNTRY_NAME",
        "BASE_POINT",
        "CARBON_TAX_PER_T_CO2"

      from source
  )
  select * from renamed
  )
/* {"app": "dbt", "dbt_version": "1.12.3", "profile_name": "snowflake_trial_20260822", "target_name": "dev", "node_id": "model.logistics_simulator_v2.stg_DEV_SEEDS__DIM_CARBON_TAX_RATES"} */;
[0m16:44:04.918618 [debug] [Thread-2 (]: Snowflake adapter: Snowflake query id: 01c68e30-0104-7997-0005-1826000304aa
[0m16:44:04.918913 [debug] [Thread-2 (]: Snowflake adapter: Snowflake error: 002003 (02000): SQL compilation error:
Schema 'DBT_LOGISTICS.DEV_SEEDS' does not exist or not authorized.
[0m16:44:04.921127 [debug] [Thread-2 (]: Database Error in model stg_DEV_SEEDS__DIM_CARBON_TAX_RATES (models/staging/stg_DEV_SEEDS__DIM_CARBON_TAX_RATES.sql)
  002003 (02000): SQL compilation error:
  Schema 'DBT_LOGISTICS.DEV_SEEDS' does not exist or not authorized.
  compiled code at target/run/logistics_simulator_v2/models/staging/stg_DEV_SEEDS__DIM_CARBON_TAX_RATES.sql
[0m16:44:04.921444 [debug] [Thread-2 (]: Sending event: {'category': 'dbt', 'action': 'run_model', 'label': '7a2b3b4f-cc6b-4373-befb-feec70fefe9e', 'context': [<snowplow_tracker.self_describing_json.SelfDescribingJson object at 0x11fcbacc0>]}
[0m16:44:04.921818 [error] [Thread-2 (]: 2 of 68 ERROR creating sql view model PUBLIC_STAGING.stg_DEV_SEEDS__DIM_CARBON_TAX_RATES  [[31mERROR[0m in 0.06s]
[0m16:44:04.922151 [debug] [Thread-2 (]: Finished running node model.logistics_simulator_v2.stg_DEV_SEEDS__DIM_CARBON_TAX_RATES
[0m16:44:04.922383 [debug] [Thread-2 (]: Began running node model.logistics_simulator_v2.stg_DEV_SEEDS__DIM_TRANSPORT_FUEL
[0m16:44:04.922659 [debug] [Thread-5 (]: Marking all children of 'model.logistics_simulator_v2.stg_DEV_SEEDS__DIM_CARBON_TAX_RATES' to be skipped because of status 'error'.  Reason: Database Error in model stg_DEV_SEEDS__DIM_CARBON_TAX_RATES (models/staging/stg_DEV_SEEDS__DIM_CARBON_TAX_RATES.sql)
  002003 (02000): SQL compilation error:
  Schema 'DBT_LOGISTICS.DEV_SEEDS' does not exist or not authorized.
  compiled code at target/run/logistics_simulator_v2/models/staging/stg_DEV_SEEDS__DIM_CARBON_TAX_RATES.sql.
[0m16:44:04.922943 [info ] [Thread-2 (]: 3 of 68 START sql view model PUBLIC_STAGING.stg_DEV_SEEDS__DIM_TRANSPORT_FUEL .. [RUN]
[0m16:44:04.923388 [debug] [Thread-2 (]: Re-using an available connection from the pool (formerly model.logistics_simulator_v2.stg_DEV_SEEDS__DIM_CARBON_TAX_RATES, now model.logistics_simulator_v2.stg_DEV_SEEDS__DIM_TRANSPORT_FUEL)
[0m16:44:04.923609 [debug] [Thread-2 (]: Began compiling node model.logistics_simulator_v2.stg_DEV_SEEDS__DIM_TRANSPORT_FUEL
[0m16:44:04.925369 [debug] [Thread-2 (]: Writing injected SQL for node "model.logistics_simulator_v2.stg_DEV_SEEDS__DIM_TRANSPORT_FUEL"
[0m16:44:04.925804 [debug] [Thread-2 (]: Began executing node model.logistics_simulator_v2.stg_DEV_SEEDS__DIM_TRANSPORT_FUEL
[0m16:44:04.926986 [debug] [Thread-2 (]: Writing runtime sql for node "model.logistics_simulator_v2.stg_DEV_SEEDS__DIM_TRANSPORT_FUEL"
[0m16:44:04.927553 [debug] [Thread-2 (]: Using snowflake connection "model.logistics_simulator_v2.stg_DEV_SEEDS__DIM_TRANSPORT_FUEL"
[0m16:44:04.927763 [debug] [Thread-2 (]: On model.logistics_simulator_v2.stg_DEV_SEEDS__DIM_TRANSPORT_FUEL: create or replace   view DBT_LOGISTICS.PUBLIC_STAGING.stg_DEV_SEEDS__DIM_TRANSPORT_FUEL
  
  
  
  
  as (
    with source as (
        select * from DBT_LOGISTICS.DEV_SEEDS.DIM_TRANSPORT_FUEL
  ),
  renamed as (
      select
          "TRANSPORT_MODE",
        "VEHICLE_TYPE",
        "AIR_DISTANCE",
        "SEA_SIZE",
        "SEA_FUEL_TYPE",
        "FUEL_L_T_KM"

      from source
  )
  select * from renamed
  )
/* {"app": "dbt", "dbt_version": "1.12.3", "profile_name": "snowflake_trial_20260822", "target_name": "dev", "node_id": "model.logistics_simulator_v2.stg_DEV_SEEDS__DIM_TRANSPORT_FUEL"} */;
[0m16:44:05.017459 [debug] [Thread-2 (]: Snowflake adapter: Snowflake query id: 01c68e30-0104-7997-0005-1826000304ae
[0m16:44:05.017973 [debug] [Thread-2 (]: Snowflake adapter: Snowflake error: 002003 (02000): SQL compilation error:
Schema 'DBT_LOGISTICS.DEV_SEEDS' does not exist or not authorized.
[0m16:44:05.021113 [debug] [Thread-2 (]: Database Error in model stg_DEV_SEEDS__DIM_TRANSPORT_FUEL (models/staging/stg_DEV_SEEDS__DIM_TRANSPORT_FUEL.sql)
  002003 (02000): SQL compilation error:
  Schema 'DBT_LOGISTICS.DEV_SEEDS' does not exist or not authorized.
  compiled code at target/run/logistics_simulator_v2/models/staging/stg_DEV_SEEDS__DIM_TRANSPORT_FUEL.sql
[0m16:44:05.021483 [debug] [Thread-2 (]: Sending event: {'category': 'dbt', 'action': 'run_model', 'label': '7a2b3b4f-cc6b-4373-befb-feec70fefe9e', 'context': [<snowplow_tracker.self_describing_json.SelfDescribingJson object at 0x11fc94530>]}
[0m16:44:05.021822 [error] [Thread-2 (]: 3 of 68 ERROR creating sql view model PUBLIC_STAGING.stg_DEV_SEEDS__DIM_TRANSPORT_FUEL  [[31mERROR[0m in 0.10s]
[0m16:44:05.022132 [debug] [Thread-2 (]: Finished running node model.logistics_simulator_v2.stg_DEV_SEEDS__DIM_TRANSPORT_FUEL
[0m16:44:05.022373 [debug] [Thread-2 (]: Began running node model.logistics_simulator_v2.stg_DEV_SEEDS__FCT_FUEL_PRICES
[0m16:44:05.022607 [info ] [Thread-2 (]: 4 of 68 START sql view model PUBLIC_STAGING.stg_DEV_SEEDS__FCT_FUEL_PRICES ..... [RUN]
[0m16:44:05.022984 [debug] [Thread-5 (]: Marking all children of 'model.logistics_simulator_v2.stg_DEV_SEEDS__DIM_TRANSPORT_FUEL' to be skipped because of status 'error'.  Reason: Database Error in model stg_DEV_SEEDS__DIM_TRANSPORT_FUEL (models/staging/stg_DEV_SEEDS__DIM_TRANSPORT_FUEL.sql)
  002003 (02000): SQL compilation error:
  Schema 'DBT_LOGISTICS.DEV_SEEDS' does not exist or not authorized.
  compiled code at target/run/logistics_simulator_v2/models/staging/stg_DEV_SEEDS__DIM_TRANSPORT_FUEL.sql.
[0m16:44:05.023562 [debug] [Thread-2 (]: Re-using an available connection from the pool (formerly model.logistics_simulator_v2.stg_DEV_SEEDS__DIM_TRANSPORT_FUEL, now model.logistics_simulator_v2.stg_DEV_SEEDS__FCT_FUEL_PRICES)
[0m16:44:05.024140 [debug] [Thread-2 (]: Began compiling node model.logistics_simulator_v2.stg_DEV_SEEDS__FCT_FUEL_PRICES
[0m16:44:05.026674 [debug] [Thread-2 (]: Writing injected SQL for node "model.logistics_simulator_v2.stg_DEV_SEEDS__FCT_FUEL_PRICES"
[0m16:44:05.027624 [debug] [Thread-2 (]: Began executing node model.logistics_simulator_v2.stg_DEV_SEEDS__FCT_FUEL_PRICES
[0m16:44:05.030656 [debug] [Thread-2 (]: Writing runtime sql for node "model.logistics_simulator_v2.stg_DEV_SEEDS__FCT_FUEL_PRICES"
[0m16:44:05.031720 [debug] [Thread-2 (]: Using snowflake connection "model.logistics_simulator_v2.stg_DEV_SEEDS__FCT_FUEL_PRICES"
[0m16:44:05.032244 [debug] [Thread-2 (]: On model.logistics_simulator_v2.stg_DEV_SEEDS__FCT_FUEL_PRICES: create or replace   view DBT_LOGISTICS.PUBLIC_STAGING.stg_DEV_SEEDS__FCT_FUEL_PRICES
  
  
  
  
  as (
    with source as (
        select * from DBT_LOGISTICS.DEV_SEEDS.FCT_FUEL_PRICES
  ),
  renamed as (
      select
          "DATE",
        "FUEL_TYPE",
        "FUEL_PRICE_USD_PER_L"

      from source
  )
  select * from renamed
  )
/* {"app": "dbt", "dbt_version": "1.12.3", "profile_name": "snowflake_trial_20260822", "target_name": "dev", "node_id": "model.logistics_simulator_v2.stg_DEV_SEEDS__FCT_FUEL_PRICES"} */;
[0m16:44:05.102710 [debug] [Thread-2 (]: Snowflake adapter: Snowflake query id: 01c68e30-0104-7997-0005-1826000304b2
[0m16:44:05.103508 [debug] [Thread-2 (]: Snowflake adapter: Snowflake error: 002003 (02000): SQL compilation error:
Schema 'DBT_LOGISTICS.DEV_SEEDS' does not exist or not authorized.
[0m16:44:05.107320 [debug] [Thread-2 (]: Database Error in model stg_DEV_SEEDS__FCT_FUEL_PRICES (models/staging/stg_DEV_SEEDS__FCT_FUEL_PRICES.sql)
  002003 (02000): SQL compilation error:
  Schema 'DBT_LOGISTICS.DEV_SEEDS' does not exist or not authorized.
  compiled code at target/run/logistics_simulator_v2/models/staging/stg_DEV_SEEDS__FCT_FUEL_PRICES.sql
[0m16:44:05.107954 [debug] [Thread-2 (]: Sending event: {'category': 'dbt', 'action': 'run_model', 'label': '7a2b3b4f-cc6b-4373-befb-feec70fefe9e', 'context': [<snowplow_tracker.self_describing_json.SelfDescribingJson object at 0x1289d78c0>]}
[0m16:44:05.108753 [error] [Thread-2 (]: 4 of 68 ERROR creating sql view model PUBLIC_STAGING.stg_DEV_SEEDS__FCT_FUEL_PRICES  [[31mERROR[0m in 0.08s]
[0m16:44:05.109450 [debug] [Thread-2 (]: Finished running node model.logistics_simulator_v2.stg_DEV_SEEDS__FCT_FUEL_PRICES
[0m16:44:05.109824 [debug] [Thread-2 (]: Began running node model.logistics_simulator_v2.stg_DEV_SEEDS__MAIN_PORTS
[0m16:44:05.110274 [debug] [Thread-5 (]: Marking all children of 'model.logistics_simulator_v2.stg_DEV_SEEDS__FCT_FUEL_PRICES' to be skipped because of status 'error'.  Reason: Database Error in model stg_DEV_SEEDS__FCT_FUEL_PRICES (models/staging/stg_DEV_SEEDS__FCT_FUEL_PRICES.sql)
  002003 (02000): SQL compilation error:
  Schema 'DBT_LOGISTICS.DEV_SEEDS' does not exist or not authorized.
  compiled code at target/run/logistics_simulator_v2/models/staging/stg_DEV_SEEDS__FCT_FUEL_PRICES.sql.
[0m16:44:05.110774 [info ] [Thread-2 (]: 5 of 68 START sql view model PUBLIC_STAGING.stg_DEV_SEEDS__MAIN_PORTS .......... [RUN]
[0m16:44:05.111267 [debug] [Thread-2 (]: Re-using an available connection from the pool (formerly model.logistics_simulator_v2.stg_DEV_SEEDS__FCT_FUEL_PRICES, now model.logistics_simulator_v2.stg_DEV_SEEDS__MAIN_PORTS)
[0m16:44:05.111675 [debug] [Thread-2 (]: Began compiling node model.logistics_simulator_v2.stg_DEV_SEEDS__MAIN_PORTS
[0m16:44:05.115922 [debug] [Thread-2 (]: Writing injected SQL for node "model.logistics_simulator_v2.stg_DEV_SEEDS__MAIN_PORTS"
[0m16:44:05.116668 [debug] [Thread-2 (]: Began executing node model.logistics_simulator_v2.stg_DEV_SEEDS__MAIN_PORTS
[0m16:44:05.118580 [debug] [Thread-2 (]: Writing runtime sql for node "model.logistics_simulator_v2.stg_DEV_SEEDS__MAIN_PORTS"
[0m16:44:05.119451 [debug] [Thread-2 (]: Using snowflake connection "model.logistics_simulator_v2.stg_DEV_SEEDS__MAIN_PORTS"
[0m16:44:05.119731 [debug] [Thread-2 (]: On model.logistics_simulator_v2.stg_DEV_SEEDS__MAIN_PORTS: create or replace   view DBT_LOGISTICS.PUBLIC_STAGING.stg_DEV_SEEDS__MAIN_PORTS
  
  
  
  
  as (
    with source as (
        select * from DBT_LOGISTICS.DEV_SEEDS.MAIN_PORTS
  ),
  renamed as (
      select
          "ID",
        "COUNTRY_CD_2CHAR",
        "COUNTRY_CD_3CHAR",
        "COUNTRY_NAME",
        "BASE_POINT",
        "TRANSPORT_MODE",
        "PORT_NAME_JP",
        "PORT_NAME_EN",
        "COST_TYPE",
        "COST_PER_KM_WT",
        "COST_PER_CONTAINER",
        "MINIMUM_CHARGE",
        "LATITUDE",
        "LONGITUDE"

      from source
  )
  select * from renamed
  )
/* {"app": "dbt", "dbt_version": "1.12.3", "profile_name": "snowflake_trial_20260822", "target_name": "dev", "node_id": "model.logistics_simulator_v2.stg_DEV_SEEDS__MAIN_PORTS"} */;
[0m16:44:05.192859 [debug] [Thread-2 (]: Snowflake adapter: Snowflake query id: 01c68e30-0104-7a0e-0005-18260002956a
[0m16:44:05.193535 [debug] [Thread-2 (]: Snowflake adapter: Snowflake error: 002003 (02000): SQL compilation error:
Schema 'DBT_LOGISTICS.DEV_SEEDS' does not exist or not authorized.
[0m16:44:05.197609 [debug] [Thread-2 (]: Database Error in model stg_DEV_SEEDS__MAIN_PORTS (models/staging/stg_DEV_SEEDS__MAIN_PORTS.sql)
  002003 (02000): SQL compilation error:
  Schema 'DBT_LOGISTICS.DEV_SEEDS' does not exist or not authorized.
  compiled code at target/run/logistics_simulator_v2/models/staging/stg_DEV_SEEDS__MAIN_PORTS.sql
[0m16:44:05.198264 [debug] [Thread-2 (]: Sending event: {'category': 'dbt', 'action': 'run_model', 'label': '7a2b3b4f-cc6b-4373-befb-feec70fefe9e', 'context': [<snowplow_tracker.self_describing_json.SelfDescribingJson object at 0x128c94fe0>]}
[0m16:44:05.199067 [error] [Thread-2 (]: 5 of 68 ERROR creating sql view model PUBLIC_STAGING.stg_DEV_SEEDS__MAIN_PORTS . [[31mERROR[0m in 0.09s]
[0m16:44:05.199657 [debug] [Thread-2 (]: Finished running node model.logistics_simulator_v2.stg_DEV_SEEDS__MAIN_PORTS
[0m16:44:05.200094 [debug] [Thread-2 (]: Began running node model.logistics_simulator_v2.stg_RAW__GLOBAL_SUPPLY_CHAIN_RISK_2024_2026
[0m16:44:05.200593 [debug] [Thread-5 (]: Marking all children of 'model.logistics_simulator_v2.stg_DEV_SEEDS__MAIN_PORTS' to be skipped because of status 'error'.  Reason: Database Error in model stg_DEV_SEEDS__MAIN_PORTS (models/staging/stg_DEV_SEEDS__MAIN_PORTS.sql)
  002003 (02000): SQL compilation error:
  Schema 'DBT_LOGISTICS.DEV_SEEDS' does not exist or not authorized.
  compiled code at target/run/logistics_simulator_v2/models/staging/stg_DEV_SEEDS__MAIN_PORTS.sql.
[0m16:44:05.201065 [info ] [Thread-2 (]: 6 of 68 START sql view model PUBLIC_STAGING.stg_RAW__GLOBAL_SUPPLY_CHAIN_RISK_2024_2026  [RUN]
[0m16:44:05.202076 [debug] [Thread-2 (]: Re-using an available connection from the pool (formerly model.logistics_simulator_v2.stg_DEV_SEEDS__MAIN_PORTS, now model.logistics_simulator_v2.stg_RAW__GLOBAL_SUPPLY_CHAIN_RISK_2024_2026)
[0m16:44:05.202527 [debug] [Thread-2 (]: Began compiling node model.logistics_simulator_v2.stg_RAW__GLOBAL_SUPPLY_CHAIN_RISK_2024_2026
[0m16:44:05.207798 [debug] [Thread-2 (]: Writing injected SQL for node "model.logistics_simulator_v2.stg_RAW__GLOBAL_SUPPLY_CHAIN_RISK_2024_2026"
[0m16:44:05.208627 [debug] [Thread-2 (]: Began executing node model.logistics_simulator_v2.stg_RAW__GLOBAL_SUPPLY_CHAIN_RISK_2024_2026
[0m16:44:05.210474 [debug] [Thread-2 (]: Writing runtime sql for node "model.logistics_simulator_v2.stg_RAW__GLOBAL_SUPPLY_CHAIN_RISK_2024_2026"
[0m16:44:05.211707 [debug] [Thread-2 (]: Using snowflake connection "model.logistics_simulator_v2.stg_RAW__GLOBAL_SUPPLY_CHAIN_RISK_2024_2026"
[0m16:44:05.212092 [debug] [Thread-2 (]: On model.logistics_simulator_v2.stg_RAW__GLOBAL_SUPPLY_CHAIN_RISK_2024_2026: create or replace   view DBT_LOGISTICS.PUBLIC_STAGING.stg_RAW__GLOBAL_SUPPLY_CHAIN_RISK_2024_2026
  
  
  
  
  as (
    with source as (
        select * from DBT_LOGISTICS.RAW.GLOBAL_SUPPLY_CHAIN_RISK_2024_2026
  ),
  renamed as (
      select
          "Shipment_ID" AS SHIPMENT_ID,
        TO_DATE("Date") AS DATE,
        "Origin_Port" AS ORIGIN_PORT,
        "Destination_Port" AS DESTINATION_PORT,
        "Transport_Mode" AS TRANSPORT_MODE,
        "Product_Category" AS PRODUCT_CATEGORY,
        "Distance_km" AS DISTANCE_KM,
        "Weight_MT" AS WEIGHT_MT,
        "Fuel_Price_Index" AS FUEL_PRICE_INDEX,
        "Geopolitical_Risk_Score" AS GEOGRAPHICAL_RISK_SCORE,
        "Weather_Condition" AS WEATHER_CONDITION,
        "Carrier_Reliability_Score" AS CARRIER_RELIABILITY_SCORE,
        "Lead_Time_Days" AS LEAD_TIME_DAYS,
        "Disruption_Occurred" AS DISRUPTION_OCCURRED

      from source
  )
  select * from renamed
  )
/* {"app": "dbt", "dbt_version": "1.12.3", "profile_name": "snowflake_trial_20260822", "target_name": "dev", "node_id": "model.logistics_simulator_v2.stg_RAW__GLOBAL_SUPPLY_CHAIN_RISK_2024_2026"} */;
[0m16:44:05.287697 [debug] [Thread-2 (]: Snowflake adapter: Snowflake query id: 01c68e30-0104-7a0e-0005-18260002956e
[0m16:44:05.288434 [debug] [Thread-2 (]: Snowflake adapter: Snowflake error: 002003 (02000): SQL compilation error:
Schema 'DBT_LOGISTICS.RAW' does not exist or not authorized.
[0m16:44:05.292704 [debug] [Thread-2 (]: Database Error in model stg_RAW__GLOBAL_SUPPLY_CHAIN_RISK_2024_2026 (models/staging/stg_RAW__GLOBAL_SUPPLY_CHAIN_RISK_2024_2026.sql)
  002003 (02000): SQL compilation error:
  Schema 'DBT_LOGISTICS.RAW' does not exist or not authorized.
  compiled code at target/run/logistics_simulator_v2/models/staging/stg_RAW__GLOBAL_SUPPLY_CHAIN_RISK_2024_2026.sql
[0m16:44:05.293437 [debug] [Thread-2 (]: Sending event: {'category': 'dbt', 'action': 'run_model', 'label': '7a2b3b4f-cc6b-4373-befb-feec70fefe9e', 'context': [<snowplow_tracker.self_describing_json.SelfDescribingJson object at 0x11fcb9b20>]}
[0m16:44:05.294236 [error] [Thread-2 (]: 6 of 68 ERROR creating sql view model PUBLIC_STAGING.stg_RAW__GLOBAL_SUPPLY_CHAIN_RISK_2024_2026  [[31mERROR[0m in 0.09s]
[0m16:44:05.294836 [debug] [Thread-2 (]: Finished running node model.logistics_simulator_v2.stg_RAW__GLOBAL_SUPPLY_CHAIN_RISK_2024_2026
[0m16:44:05.295280 [debug] [Thread-2 (]: Began running node seed.logistics_simulator_v2.CO2_EMISSION
[0m16:44:05.295770 [debug] [Thread-5 (]: Marking all children of 'model.logistics_simulator_v2.stg_RAW__GLOBAL_SUPPLY_CHAIN_RISK_2024_2026' to be skipped because of status 'error'.  Reason: Database Error in model stg_RAW__GLOBAL_SUPPLY_CHAIN_RISK_2024_2026 (models/staging/stg_RAW__GLOBAL_SUPPLY_CHAIN_RISK_2024_2026.sql)
  002003 (02000): SQL compilation error:
  Schema 'DBT_LOGISTICS.RAW' does not exist or not authorized.
  compiled code at target/run/logistics_simulator_v2/models/staging/stg_RAW__GLOBAL_SUPPLY_CHAIN_RISK_2024_2026.sql.
[0m16:44:05.296354 [info ] [Thread-2 (]: 7 of 68 START seed file PUBLIC_SEEDS.CO2_EMISSION .............................. [RUN]
[0m16:44:05.297492 [debug] [Thread-2 (]: Re-using an available connection from the pool (formerly model.logistics_simulator_v2.stg_RAW__GLOBAL_SUPPLY_CHAIN_RISK_2024_2026, now seed.logistics_simulator_v2.CO2_EMISSION)
[0m16:44:05.297866 [debug] [Thread-2 (]: Began compiling node seed.logistics_simulator_v2.CO2_EMISSION
[0m16:44:05.298195 [debug] [Thread-2 (]: Began executing node seed.logistics_simulator_v2.CO2_EMISSION
[0m16:44:05.330866 [debug] [Thread-2 (]: Using snowflake connection "seed.logistics_simulator_v2.CO2_EMISSION"
[0m16:44:05.331162 [debug] [Thread-2 (]: On seed.logistics_simulator_v2.CO2_EMISSION: BEGIN
/* {"app": "dbt", "dbt_version": "1.12.3", "profile_name": "snowflake_trial_20260822", "target_name": "dev", "node_id": "seed.logistics_simulator_v2.CO2_EMISSION"} */
[0m16:44:05.407189 [debug] [Thread-2 (]: SQL status: SUCCESS 1 in 0.076 seconds
[0m16:44:05.413051 [debug] [Thread-2 (]: Using snowflake connection "seed.logistics_simulator_v2.CO2_EMISSION"
[0m16:44:05.413396 [debug] [Thread-2 (]: On seed.logistics_simulator_v2.CO2_EMISSION: insert overwrite into DBT_LOGISTICS.PUBLIC_SEEDS.CO2_EMISSION (TRANSPORT_MODE, VEHICLE_TYPE, AIR_DISTANCE, SEA_SIZE, SEA_FUEL_TYPE, WTW_CO2_G_T_KM, TTW_CO2_G_T_KM) values
            (%s,%s,%s,%s,%s,%s,%s),(%s,%s,%s,%s,%s,%s,%s),(%s,%s,%s,%s,%s,%s,%s),(%s,%s,%s,%s,%s,%s,%s),(%s,%s,%s,%s,%s,%s,%s),(%s,%s,%s,%s,%s,%s,%s),(%s,%s,%s,%s,%s,%s,%s),(%s,%s,%s,%s,%s,%s,%s),(%s,%s,%s,%s,%s,%s,%s),(%s,%s,%s,%s,%s,%s,%s),(%s,%s,%s,%s,%s,%s,%s),(%s,%s,%s,%s,%s,%s,%s),(%s,%s,%s,%s,%s,%s,%s),(%s,%s,%s,%s,%s,%s,%s),(%s,%s,...
[0m16:44:05.820154 [debug] [Thread-2 (]: SQL status: SUCCESS 123 in 0.406 seconds
[0m16:44:05.821569 [debug] [Thread-2 (]: Using snowflake connection "seed.logistics_simulator_v2.CO2_EMISSION"
[0m16:44:05.822127 [debug] [Thread-2 (]: On seed.logistics_simulator_v2.CO2_EMISSION: COMMIT
/* {"app": "dbt", "dbt_version": "1.12.3", "profile_name": "snowflake_trial_20260822", "target_name": "dev", "node_id": "seed.logistics_simulator_v2.CO2_EMISSION"} */
[0m16:44:06.189659 [debug] [Thread-2 (]: SQL status: SUCCESS 1 in 0.367 seconds
[0m16:44:06.200047 [debug] [Thread-2 (]: Writing runtime SQL for node "seed.logistics_simulator_v2.CO2_EMISSION"
[0m16:44:06.216585 [debug] [Thread-2 (]: Sending event: {'category': 'dbt', 'action': 'run_model', 'label': '7a2b3b4f-cc6b-4373-befb-feec70fefe9e', 'context': [<snowplow_tracker.self_describing_json.SelfDescribingJson object at 0x128c94cb0>]}
[0m16:44:06.217019 [info ] [Thread-2 (]: 7 of 68 OK loaded seed file PUBLIC_SEEDS.CO2_EMISSION .......................... [[32mINSERT 123[0m in 0.92s]
[0m16:44:06.217386 [debug] [Thread-2 (]: Finished running node seed.logistics_simulator_v2.CO2_EMISSION
[0m16:44:06.217643 [debug] [Thread-2 (]: Began running node seed.logistics_simulator_v2.DIM_CARBON_TAX_RATES
[0m16:44:06.218041 [info ] [Thread-2 (]: 8 of 68 START seed file PUBLIC_SEEDS.DIM_CARBON_TAX_RATES ...................... [RUN]
[0m16:44:06.218423 [debug] [Thread-2 (]: Re-using an available connection from the pool (formerly seed.logistics_simulator_v2.CO2_EMISSION, now seed.logistics_simulator_v2.DIM_CARBON_TAX_RATES)
[0m16:44:06.218664 [debug] [Thread-2 (]: Began compiling node seed.logistics_simulator_v2.DIM_CARBON_TAX_RATES
[0m16:44:06.218880 [debug] [Thread-2 (]: Began executing node seed.logistics_simulator_v2.DIM_CARBON_TAX_RATES
[0m16:44:06.221273 [debug] [Thread-2 (]: Using snowflake connection "seed.logistics_simulator_v2.DIM_CARBON_TAX_RATES"
[0m16:44:06.221498 [debug] [Thread-2 (]: On seed.logistics_simulator_v2.DIM_CARBON_TAX_RATES: BEGIN
/* {"app": "dbt", "dbt_version": "1.12.3", "profile_name": "snowflake_trial_20260822", "target_name": "dev", "node_id": "seed.logistics_simulator_v2.DIM_CARBON_TAX_RATES"} */
[0m16:44:06.287633 [debug] [Thread-2 (]: SQL status: SUCCESS 1 in 0.066 seconds
[0m16:44:06.288700 [debug] [Thread-2 (]: Using snowflake connection "seed.logistics_simulator_v2.DIM_CARBON_TAX_RATES"
[0m16:44:06.289139 [debug] [Thread-2 (]: On seed.logistics_simulator_v2.DIM_CARBON_TAX_RATES: insert overwrite into DBT_LOGISTICS.PUBLIC_SEEDS.DIM_CARBON_TAX_RATES (COUNTRY_CD_2CHAR, COUNTRY_CD_3CHAR, COUNTRY_NAME, BASE_POINT, CARBON_TAX_PER_T_CO2) values
            (%s,%s,%s,%s,%s),(%s,%s,%s,%s,%s),(%s,%s,%s,%s,%s),(%s,%s,%s,%s,%s),(%s,%s,%s,%s,%s),(%s,%s,%s,%s,%s),(%s,%s,%s,%s,%s),(%s,%s,%s,%s,%s),(%s,%s,%s,%s,%s)
/* {"app": "dbt", "dbt_version": "1.12.3", "profile_name": "snowflake_trial_20260822", "target_name": "dev", "node_id": "seed.logistics_simulator_v2.DIM_CARBON_TAX_RATES"} */...
[0m16:44:06.692474 [debug] [Thread-2 (]: SQL status: SUCCESS 9 in 0.403 seconds
[0m16:44:06.694071 [debug] [Thread-2 (]: Using snowflake connection "seed.logistics_simulator_v2.DIM_CARBON_TAX_RATES"
[0m16:44:06.694804 [debug] [Thread-2 (]: On seed.logistics_simulator_v2.DIM_CARBON_TAX_RATES: COMMIT
/* {"app": "dbt", "dbt_version": "1.12.3", "profile_name": "snowflake_trial_20260822", "target_name": "dev", "node_id": "seed.logistics_simulator_v2.DIM_CARBON_TAX_RATES"} */
[0m16:44:06.978900 [debug] [Thread-2 (]: SQL status: SUCCESS 1 in 0.283 seconds
[0m16:44:06.981188 [debug] [Thread-2 (]: Writing runtime SQL for node "seed.logistics_simulator_v2.DIM_CARBON_TAX_RATES"
[0m16:44:06.985177 [debug] [Thread-2 (]: Sending event: {'category': 'dbt', 'action': 'run_model', 'label': '7a2b3b4f-cc6b-4373-befb-feec70fefe9e', 'context': [<snowplow_tracker.self_describing_json.SelfDescribingJson object at 0x11fc61dc0>]}
[0m16:44:06.985716 [info ] [Thread-2 (]: 8 of 68 OK loaded seed file PUBLIC_SEEDS.DIM_CARBON_TAX_RATES .................. [[32mINSERT 9[0m in 0.77s]
[0m16:44:06.986201 [debug] [Thread-2 (]: Finished running node seed.logistics_simulator_v2.DIM_CARBON_TAX_RATES
[0m16:44:06.986557 [debug] [Thread-2 (]: Began running node seed.logistics_simulator_v2.DIM_TRANSPORT_FUEL
[0m16:44:06.987052 [info ] [Thread-2 (]: 9 of 68 START seed file PUBLIC_SEEDS.DIM_TRANSPORT_FUEL ........................ [RUN]
[0m16:44:06.987487 [debug] [Thread-2 (]: Re-using an available connection from the pool (formerly seed.logistics_simulator_v2.DIM_CARBON_TAX_RATES, now seed.logistics_simulator_v2.DIM_TRANSPORT_FUEL)
[0m16:44:06.987801 [debug] [Thread-2 (]: Began compiling node seed.logistics_simulator_v2.DIM_TRANSPORT_FUEL
[0m16:44:06.988100 [debug] [Thread-2 (]: Began executing node seed.logistics_simulator_v2.DIM_TRANSPORT_FUEL
[0m16:44:06.991958 [debug] [Thread-2 (]: Using snowflake connection "seed.logistics_simulator_v2.DIM_TRANSPORT_FUEL"
[0m16:44:06.992252 [debug] [Thread-2 (]: On seed.logistics_simulator_v2.DIM_TRANSPORT_FUEL: BEGIN
/* {"app": "dbt", "dbt_version": "1.12.3", "profile_name": "snowflake_trial_20260822", "target_name": "dev", "node_id": "seed.logistics_simulator_v2.DIM_TRANSPORT_FUEL"} */
[0m16:44:07.058189 [debug] [Thread-2 (]: SQL status: SUCCESS 1 in 0.065 seconds
[0m16:44:07.065191 [debug] [Thread-2 (]: Using snowflake connection "seed.logistics_simulator_v2.DIM_TRANSPORT_FUEL"
[0m16:44:07.065707 [debug] [Thread-2 (]: On seed.logistics_simulator_v2.DIM_TRANSPORT_FUEL: insert overwrite into DBT_LOGISTICS.PUBLIC_SEEDS.DIM_TRANSPORT_FUEL (TRANSPORT_MODE, VEHICLE_TYPE, AIR_DISTANCE, SEA_SIZE, SEA_FUEL_TYPE, FUEL_L_T_KM) values
            (%s,%s,%s,%s,%s,%s),(%s,%s,%s,%s,%s,%s),(%s,%s,%s,%s,%s,%s),(%s,%s,%s,%s,%s,%s),(%s,%s,%s,%s,%s,%s),(%s,%s,%s,%s,%s,%s),(%s,%s,%s,%s,%s,%s),(%s,%s,%s,%s,%s,%s),(%s,%s,%s,%s,%s,%s),(%s,%s,%s,%s,%s,%s),(%s,%s,%s,%s,%s,%s),(%s,%s,%s,%s,%s,%s),(%s,%s,%s,%s,%s,%s),(%s,%s,%s,%s,%s,%s),(%s,%s,%s,%s,%s,%s),(%s,%s,%s,%s,%s,%s),(%s,%s,%s,%s,%s,%s),(%...
[0m16:44:07.486395 [debug] [Thread-2 (]: SQL status: SUCCESS 123 in 0.420 seconds
[0m16:44:07.488233 [debug] [Thread-2 (]: Using snowflake connection "seed.logistics_simulator_v2.DIM_TRANSPORT_FUEL"
[0m16:44:07.489196 [debug] [Thread-2 (]: On seed.logistics_simulator_v2.DIM_TRANSPORT_FUEL: COMMIT
/* {"app": "dbt", "dbt_version": "1.12.3", "profile_name": "snowflake_trial_20260822", "target_name": "dev", "node_id": "seed.logistics_simulator_v2.DIM_TRANSPORT_FUEL"} */
[0m16:44:07.774267 [debug] [Thread-2 (]: SQL status: SUCCESS 1 in 0.284 seconds
[0m16:44:07.776271 [debug] [Thread-2 (]: Writing runtime SQL for node "seed.logistics_simulator_v2.DIM_TRANSPORT_FUEL"
[0m16:44:07.780567 [debug] [Thread-2 (]: Sending event: {'category': 'dbt', 'action': 'run_model', 'label': '7a2b3b4f-cc6b-4373-befb-feec70fefe9e', 'context': [<snowplow_tracker.self_describing_json.SelfDescribingJson object at 0x11fa56720>]}
[0m16:44:07.781324 [info ] [Thread-2 (]: 9 of 68 OK loaded seed file PUBLIC_SEEDS.DIM_TRANSPORT_FUEL .................... [[32mINSERT 123[0m in 0.79s]
[0m16:44:07.782026 [debug] [Thread-2 (]: Finished running node seed.logistics_simulator_v2.DIM_TRANSPORT_FUEL
[0m16:44:07.782524 [debug] [Thread-2 (]: Began running node seed.logistics_simulator_v2.FCT_FUEL_PRICES
[0m16:44:07.783242 [info ] [Thread-2 (]: 10 of 68 START seed file PUBLIC_SEEDS.FCT_FUEL_PRICES .......................... [RUN]
[0m16:44:07.783784 [debug] [Thread-2 (]: Re-using an available connection from the pool (formerly seed.logistics_simulator_v2.DIM_TRANSPORT_FUEL, now seed.logistics_simulator_v2.FCT_FUEL_PRICES)
[0m16:44:07.784197 [debug] [Thread-2 (]: Began compiling node seed.logistics_simulator_v2.FCT_FUEL_PRICES
[0m16:44:07.784600 [debug] [Thread-2 (]: Began executing node seed.logistics_simulator_v2.FCT_FUEL_PRICES
[0m16:44:07.793003 [debug] [Thread-2 (]: Using snowflake connection "seed.logistics_simulator_v2.FCT_FUEL_PRICES"
[0m16:44:07.793510 [debug] [Thread-2 (]: On seed.logistics_simulator_v2.FCT_FUEL_PRICES: BEGIN
/* {"app": "dbt", "dbt_version": "1.12.3", "profile_name": "snowflake_trial_20260822", "target_name": "dev", "node_id": "seed.logistics_simulator_v2.FCT_FUEL_PRICES"} */
[0m16:44:07.868729 [debug] [Thread-2 (]: SQL status: SUCCESS 1 in 0.075 seconds
[0m16:44:07.876453 [debug] [Thread-2 (]: Using snowflake connection "seed.logistics_simulator_v2.FCT_FUEL_PRICES"
[0m16:44:07.877040 [debug] [Thread-2 (]: On seed.logistics_simulator_v2.FCT_FUEL_PRICES: insert overwrite into DBT_LOGISTICS.PUBLIC_SEEDS.FCT_FUEL_PRICES (DATE, FUEL_TYPE, FUEL_PRICE_USD_PER_L) values
            (%s,%s,%s),(%s,%s,%s),(%s,%s,%s),(%s,%s,%s),(%s,%s,%s),(%s,%s,%s),(%s,%s,%s),(%s,%s,%s),(%s,%s,%s),(%s,%s,%s),(%s,%s,%s),(%s,%s,%s),(%s,%s,%s),(%s,%s,%s),(%s,%s,%s),(%s,%s,%s),(%s,%s,%s),(%s,%s,%s),(%s,%s,%s),(%s,%s,%s),(%s,%s,%s),(%s,%s,%s),(%s,%s,%s),(%s,%s,%s),(%s,%s,%s),(%s,%s,%s),(%s,%s,%s),(%s,%s,%s),(%s,%s,%s),(%s,%s,%s),(%s,%s,%s),(%s,%s,%s),(%s,%s,%s),(%s,%s,%s),(%s,%s,%s),(%s...
[0m16:44:08.332710 [debug] [Thread-2 (]: SQL status: SUCCESS 180 in 0.455 seconds
[0m16:44:08.334347 [debug] [Thread-2 (]: Using snowflake connection "seed.logistics_simulator_v2.FCT_FUEL_PRICES"
[0m16:44:08.334972 [debug] [Thread-2 (]: On seed.logistics_simulator_v2.FCT_FUEL_PRICES: COMMIT
/* {"app": "dbt", "dbt_version": "1.12.3", "profile_name": "snowflake_trial_20260822", "target_name": "dev", "node_id": "seed.logistics_simulator_v2.FCT_FUEL_PRICES"} */
[0m16:44:08.624656 [debug] [Thread-2 (]: SQL status: SUCCESS 1 in 0.289 seconds
[0m16:44:08.626595 [debug] [Thread-2 (]: Writing runtime SQL for node "seed.logistics_simulator_v2.FCT_FUEL_PRICES"
[0m16:44:08.631248 [debug] [Thread-2 (]: Sending event: {'category': 'dbt', 'action': 'run_model', 'label': '7a2b3b4f-cc6b-4373-befb-feec70fefe9e', 'context': [<snowplow_tracker.self_describing_json.SelfDescribingJson object at 0x11f6d7c20>]}
[0m16:44:08.632026 [info ] [Thread-2 (]: 10 of 68 OK loaded seed file PUBLIC_SEEDS.FCT_FUEL_PRICES ...................... [[32mINSERT 180[0m in 0.85s]
[0m16:44:08.632714 [debug] [Thread-2 (]: Finished running node seed.logistics_simulator_v2.FCT_FUEL_PRICES
[0m16:44:08.633207 [debug] [Thread-2 (]: Began running node seed.logistics_simulator_v2.MAIN_PORTS
[0m16:44:08.633927 [info ] [Thread-2 (]: 11 of 68 START seed file PUBLIC_SEEDS.MAIN_PORTS ............................... [RUN]
[0m16:44:08.634516 [debug] [Thread-2 (]: Re-using an available connection from the pool (formerly seed.logistics_simulator_v2.FCT_FUEL_PRICES, now seed.logistics_simulator_v2.MAIN_PORTS)
[0m16:44:08.634933 [debug] [Thread-2 (]: Began compiling node seed.logistics_simulator_v2.MAIN_PORTS
[0m16:44:08.635338 [debug] [Thread-2 (]: Began executing node seed.logistics_simulator_v2.MAIN_PORTS
[0m16:44:08.642975 [debug] [Thread-2 (]: Using snowflake connection "seed.logistics_simulator_v2.MAIN_PORTS"
[0m16:44:08.643467 [debug] [Thread-2 (]: On seed.logistics_simulator_v2.MAIN_PORTS: BEGIN
/* {"app": "dbt", "dbt_version": "1.12.3", "profile_name": "snowflake_trial_20260822", "target_name": "dev", "node_id": "seed.logistics_simulator_v2.MAIN_PORTS"} */
[0m16:44:08.782064 [debug] [Thread-2 (]: SQL status: SUCCESS 1 in 0.138 seconds
[0m16:44:08.788312 [debug] [Thread-2 (]: Using snowflake connection "seed.logistics_simulator_v2.MAIN_PORTS"
[0m16:44:08.788860 [debug] [Thread-2 (]: On seed.logistics_simulator_v2.MAIN_PORTS: insert overwrite into DBT_LOGISTICS.PUBLIC_SEEDS.MAIN_PORTS (ID, COUNTRY_CD_2CHAR, COUNTRY_CD_3CHAR, COUNTRY_NAME, BASE_POINT, TRANSPORT_MODE, PORT_NAME_JP, PORT_NAME_EN, LATITUDE, LONGITUDE, COST_TYPE, COST_PER_KM_WT, COST_PER_CONTAINER, MINIMUM_CHARGE) values
            (%s,%s,%s,%s,%s,%s,%s,%s,%s,%s,%s,%s,%s,%s),(%s,%s,%s,%s,%s,%s,%s,%s,%s,%s,%s,%s,%s,%s),(%s,%s,%s,%s,%s,%s,%s,%s,%s,%s,%s,%s,%s,%s),(%s,%s,%s,%s,%s,%s,%s,%s,%s,%s,%s,%s,%s,%s),(%s,%s,%s,%s,%s,%s,%s,%s,%s,%s,%s,%s,%s,%s),(%s,%s,%s,%s,%s,%s...
[0m16:44:09.253149 [debug] [Thread-2 (]: SQL status: SUCCESS 36 in 0.463 seconds
[0m16:44:09.254966 [debug] [Thread-2 (]: Using snowflake connection "seed.logistics_simulator_v2.MAIN_PORTS"
[0m16:44:09.255595 [debug] [Thread-2 (]: On seed.logistics_simulator_v2.MAIN_PORTS: COMMIT
/* {"app": "dbt", "dbt_version": "1.12.3", "profile_name": "snowflake_trial_20260822", "target_name": "dev", "node_id": "seed.logistics_simulator_v2.MAIN_PORTS"} */
[0m16:44:09.558040 [debug] [Thread-2 (]: SQL status: SUCCESS 1 in 0.302 seconds
[0m16:44:09.558697 [debug] [Thread-2 (]: Writing runtime SQL for node "seed.logistics_simulator_v2.MAIN_PORTS"
[0m16:44:09.560663 [debug] [Thread-2 (]: Sending event: {'category': 'dbt', 'action': 'run_model', 'label': '7a2b3b4f-cc6b-4373-befb-feec70fefe9e', 'context': [<snowplow_tracker.self_describing_json.SelfDescribingJson object at 0x106968080>]}
[0m16:44:09.561070 [info ] [Thread-2 (]: 11 of 68 OK loaded seed file PUBLIC_SEEDS.MAIN_PORTS ........................... [[32mINSERT 36[0m in 0.93s]
[0m16:44:09.561469 [debug] [Thread-2 (]: Finished running node seed.logistics_simulator_v2.MAIN_PORTS
[0m16:44:09.561773 [debug] [Thread-2 (]: Began running node test.logistics_simulator_v2.accepted_values_stg_DEV_SEEDS__CO2_EMISSION_SEA_FUEL_TYPE__HFO__MDO__VLSFO__Diesel.8a46052afd
[0m16:44:09.562097 [info ] [Thread-2 (]: 12 of 68 SKIP test accepted_values_stg_DEV_SEEDS__CO2_EMISSION_SEA_FUEL_TYPE__HFO__MDO__VLSFO__Diesel  [[33mSKIP[0m]
[0m16:44:09.562398 [debug] [Thread-2 (]: Finished running node test.logistics_simulator_v2.accepted_values_stg_DEV_SEEDS__CO2_EMISSION_SEA_FUEL_TYPE__HFO__MDO__VLSFO__Diesel.8a46052afd
[0m16:44:09.562692 [debug] [Thread-2 (]: Began running node test.logistics_simulator_v2.accepted_values_stg_DEV_SEEDS__CO2_EMISSION_SEA_SIZE__0_1999__0_4999__0_999__1000___10000___10000_19999__120000_199999__2000_4999__2000_5999__20000___20000_39999__20000_59999__200000___40000___5000_9999__6000_9999__60000_79999__80000_119999__None.48d3312c3a
[0m16:44:09.562943 [debug] [Thread-5 (]: Marking all children of 'test.logistics_simulator_v2.accepted_values_stg_DEV_SEEDS__CO2_EMISSION_SEA_FUEL_TYPE__HFO__MDO__VLSFO__Diesel.8a46052afd' to be skipped because of status 'skipped'. 
[0m16:44:09.563300 [info ] [Thread-2 (]: 13 of 68 SKIP test accepted_values_stg_DEV_SEEDS__CO2_EMISSION_SEA_SIZE__0_1999__0_4999__0_999__1000___10000___10000_19999__120000_199999__2000_4999__2000_5999__20000___20000_39999__20000_59999__200000___40000___5000_9999__6000_9999__60000_79999__80000_119999__None  [[33mSKIP[0m]
[0m16:44:09.563834 [debug] [Thread-2 (]: Finished running node test.logistics_simulator_v2.accepted_values_stg_DEV_SEEDS__CO2_EMISSION_SEA_SIZE__0_1999__0_4999__0_999__1000___10000___10000_19999__120000_199999__2000_4999__2000_5999__20000___20000_39999__20000_59999__200000___40000___5000_9999__6000_9999__60000_79999__80000_119999__None.48d3312c3a
[0m16:44:09.564207 [debug] [Thread-2 (]: Began running node test.logistics_simulator_v2.accepted_values_stg_DEV_SEEDS__CO2_EMISSION_TRANSPORT_MODE__AIR__SEA__RAIL__ROAD.9f0630e026
[0m16:44:09.564458 [debug] [Thread-5 (]: Marking all children of 'test.logistics_simulator_v2.accepted_values_stg_DEV_SEEDS__CO2_EMISSION_SEA_SIZE__0_1999__0_4999__0_999__1000___10000___10000_19999__120000_199999__2000_4999__2000_5999__20000___20000_39999__20000_59999__200000___40000___5000_9999__6000_9999__60000_79999__80000_119999__None.48d3312c3a' to be skipped because of status 'skipped'. 
[0m16:44:09.564791 [info ] [Thread-2 (]: 14 of 68 SKIP test accepted_values_stg_DEV_SEEDS__CO2_EMISSION_TRANSPORT_MODE__AIR__SEA__RAIL__ROAD  [[33mSKIP[0m]
[0m16:44:09.565163 [debug] [Thread-2 (]: Finished running node test.logistics_simulator_v2.accepted_values_stg_DEV_SEEDS__CO2_EMISSION_TRANSPORT_MODE__AIR__SEA__RAIL__ROAD.9f0630e026
[0m16:44:09.565464 [debug] [Thread-2 (]: Began running node test.logistics_simulator_v2.accepted_values_stg_DEV_SEEDS__CO2_EMISSION_VEHICLE_TYPE__Truck_trailer_on_train__Cars__Belly_Freight__Cereals__Artic_truck_up_to_72_t_GVW_Heavy_load___Artic_truck_up_to_44_t_GVW_Heavy_load___Artic_truck_up_to_60_t_GVW_Heavy_load___Building_Materials__Artic_truck_up_to_60_t_GVW_Average_mixed___Artic_truck_34_40_t_GVW__Freighter__Manufactured_Products__Rigid_truck_7_5_12_t_GVW__Coal_Steel__General_cargo__Rigid_truck_20_26_t_GVW__Artic_truck_up_to_44_t_GVW_Average_mixed___Artic_truck_up_to_72_t_GVW_Container___Refrigerated_bulk__Container__Liquefied_gas_tanker__Rigid_truck_12_20_t_GVW__Oil_tanker__Chemicals__Trailer_only_on_train__Chemical_tanker__Other_liquids_tankers__Van_3_5_t_GVW__Artic_truck_up_to_44_t_GVW_Container___Artic_truck_up_to_60_t_GVW_Container___Rigid_truck_3_5_7_5_t_GVW.1c521f2738
[0m16:44:09.565685 [debug] [Thread-5 (]: Marking all children of 'test.logistics_simulator_v2.accepted_values_stg_DEV_SEEDS__CO2_EMISSION_TRANSPORT_MODE__AIR__SEA__RAIL__ROAD.9f0630e026' to be skipped because of status 'skipped'. 
[0m16:44:09.566023 [info ] [Thread-2 (]: 15 of 68 SKIP test accepted_values_stg_DEV_SEEDS__CO2_EMISSION_VEHICLE_TYPE__Truck_trailer_on_train__Cars__Belly_Freight__Cereals__Artic_truck_up_to_72_t_GVW_Heavy_load___Artic_truck_up_to_44_t_GVW_Heavy_load___Artic_truck_up_to_60_t_GVW_Heavy_load___Building_Materials__Artic_truck_up_to_60_t_GVW_Average_mixed___Artic_truck_34_40_t_GVW__Freighter__Manufactured_Products__Rigid_truck_7_5_12_t_GVW__Coal_Steel__General_cargo__Rigid_truck_20_26_t_GVW__Artic_truck_up_to_44_t_GVW_Average_mixed___Artic_truck_up_to_72_t_GVW_Container___Refrigerated_bulk__Container__Liquefied_gas_tanker__Rigid_truck_12_20_t_GVW__Oil_tanker__Chemicals__Trailer_only_on_train__Chemical_tanker__Other_liquids_tankers__Van_3_5_t_GVW__Artic_truck_up_to_44_t_GVW_Container___Artic_truck_up_to_60_t_GVW_Container___Rigid_truck_3_5_7_5_t_GVW  [[33mSKIP[0m]
[0m16:44:09.566467 [debug] [Thread-2 (]: Finished running node test.logistics_simulator_v2.accepted_values_stg_DEV_SEEDS__CO2_EMISSION_VEHICLE_TYPE__Truck_trailer_on_train__Cars__Belly_Freight__Cereals__Artic_truck_up_to_72_t_GVW_Heavy_load___Artic_truck_up_to_44_t_GVW_Heavy_load___Artic_truck_up_to_60_t_GVW_Heavy_load___Building_Materials__Artic_truck_up_to_60_t_GVW_Average_mixed___Artic_truck_34_40_t_GVW__Freighter__Manufactured_Products__Rigid_truck_7_5_12_t_GVW__Coal_Steel__General_cargo__Rigid_truck_20_26_t_GVW__Artic_truck_up_to_44_t_GVW_Average_mixed___Artic_truck_up_to_72_t_GVW_Container___Refrigerated_bulk__Container__Liquefied_gas_tanker__Rigid_truck_12_20_t_GVW__Oil_tanker__Chemicals__Trailer_only_on_train__Chemical_tanker__Other_liquids_tankers__Van_3_5_t_GVW__Artic_truck_up_to_44_t_GVW_Container___Artic_truck_up_to_60_t_GVW_Container___Rigid_truck_3_5_7_5_t_GVW.1c521f2738
[0m16:44:09.566793 [debug] [Thread-2 (]: Began running node test.logistics_simulator_v2.not_null_stg_DEV_SEEDS__CO2_EMISSION_TTW_CO2_G_T_KM.e834c5be5b
[0m16:44:09.567027 [debug] [Thread-5 (]: Marking all children of 'test.logistics_simulator_v2.accepted_values_stg_DEV_SEEDS__CO2_EMISSION_VEHICLE_TYPE__Truck_trailer_on_train__Cars__Belly_Freight__Cereals__Artic_truck_up_to_72_t_GVW_Heavy_load___Artic_truck_up_to_44_t_GVW_Heavy_load___Artic_truck_up_to_60_t_GVW_Heavy_load___Building_Materials__Artic_truck_up_to_60_t_GVW_Average_mixed___Artic_truck_34_40_t_GVW__Freighter__Manufactured_Products__Rigid_truck_7_5_12_t_GVW__Coal_Steel__General_cargo__Rigid_truck_20_26_t_GVW__Artic_truck_up_to_44_t_GVW_Average_mixed___Artic_truck_up_to_72_t_GVW_Container___Refrigerated_bulk__Container__Liquefied_gas_tanker__Rigid_truck_12_20_t_GVW__Oil_tanker__Chemicals__Trailer_only_on_train__Chemical_tanker__Other_liquids_tankers__Van_3_5_t_GVW__Artic_truck_up_to_44_t_GVW_Container___Artic_truck_up_to_60_t_GVW_Container___Rigid_truck_3_5_7_5_t_GVW.1c521f2738' to be skipped because of status 'skipped'. 
[0m16:44:09.567293 [info ] [Thread-2 (]: 16 of 68 SKIP test not_null_stg_DEV_SEEDS__CO2_EMISSION_TTW_CO2_G_T_KM ......... [[33mSKIP[0m]
[0m16:44:09.567785 [debug] [Thread-2 (]: Finished running node test.logistics_simulator_v2.not_null_stg_DEV_SEEDS__CO2_EMISSION_TTW_CO2_G_T_KM.e834c5be5b
[0m16:44:09.568050 [debug] [Thread-2 (]: Began running node test.logistics_simulator_v2.not_null_stg_DEV_SEEDS__CO2_EMISSION_WTW_CO2_G_T_KM.4f22877b06
[0m16:44:09.568266 [debug] [Thread-5 (]: Marking all children of 'test.logistics_simulator_v2.not_null_stg_DEV_SEEDS__CO2_EMISSION_TTW_CO2_G_T_KM.e834c5be5b' to be skipped because of status 'skipped'. 
[0m16:44:09.568519 [info ] [Thread-2 (]: 17 of 68 SKIP test not_null_stg_DEV_SEEDS__CO2_EMISSION_WTW_CO2_G_T_KM ......... [[33mSKIP[0m]
[0m16:44:09.568854 [debug] [Thread-2 (]: Finished running node test.logistics_simulator_v2.not_null_stg_DEV_SEEDS__CO2_EMISSION_WTW_CO2_G_T_KM.4f22877b06
[0m16:44:09.569112 [debug] [Thread-2 (]: Began running node test.logistics_simulator_v2.accepted_values_stg_DEV_SEEDS__DIM_CARBON_TAX_RATES_COUNTRY_CD_2CHAR__AE__BE__CN__DE__FR__KR__NL__SG__US.6b541f6576
[0m16:44:09.569359 [info ] [Thread-2 (]: 18 of 68 SKIP test accepted_values_stg_DEV_SEEDS__DIM_CARBON_TAX_RATES_COUNTRY_CD_2CHAR__AE__BE__CN__DE__FR__KR__NL__SG__US  [[33mSKIP[0m]
[0m16:44:09.569599 [debug] [Thread-5 (]: Marking all children of 'test.logistics_simulator_v2.not_null_stg_DEV_SEEDS__CO2_EMISSION_WTW_CO2_G_T_KM.4f22877b06' to be skipped because of status 'skipped'. 
[0m16:44:09.569875 [debug] [Thread-2 (]: Finished running node test.logistics_simulator_v2.accepted_values_stg_DEV_SEEDS__DIM_CARBON_TAX_RATES_COUNTRY_CD_2CHAR__AE__BE__CN__DE__FR__KR__NL__SG__US.6b541f6576
[0m16:44:09.570222 [debug] [Thread-2 (]: Began running node test.logistics_simulator_v2.accepted_values_stg_DEV_SEEDS__DIM_CARBON_TAX_RATES_COUNTRY_CD_3CHAR__ARE__BEL__CHN__DEU__FRA__KOR__NLD__SGP__USA.81f9f261df
[0m16:44:09.570427 [debug] [Thread-5 (]: Marking all children of 'test.logistics_simulator_v2.accepted_values_stg_DEV_SEEDS__DIM_CARBON_TAX_RATES_COUNTRY_CD_2CHAR__AE__BE__CN__DE__FR__KR__NL__SG__US.6b541f6576' to be skipped because of status 'skipped'. 
[0m16:44:09.570683 [info ] [Thread-2 (]: 19 of 68 SKIP test accepted_values_stg_DEV_SEEDS__DIM_CARBON_TAX_RATES_COUNTRY_CD_3CHAR__ARE__BEL__CHN__DEU__FRA__KOR__NLD__SGP__USA  [[33mSKIP[0m]
[0m16:44:09.570991 [debug] [Thread-2 (]: Finished running node test.logistics_simulator_v2.accepted_values_stg_DEV_SEEDS__DIM_CARBON_TAX_RATES_COUNTRY_CD_3CHAR__ARE__BEL__CHN__DEU__FRA__KOR__NLD__SGP__USA.81f9f261df
[0m16:44:09.571212 [debug] [Thread-2 (]: Began running node test.logistics_simulator_v2.not_null_stg_DEV_SEEDS__DIM_CARBON_TAX_RATES_CARBON_TAX_RATE_USD_PER_TCO2.d18722d1cb
[0m16:44:09.571400 [debug] [Thread-5 (]: Marking all children of 'test.logistics_simulator_v2.accepted_values_stg_DEV_SEEDS__DIM_CARBON_TAX_RATES_COUNTRY_CD_3CHAR__ARE__BEL__CHN__DEU__FRA__KOR__NLD__SGP__USA.81f9f261df' to be skipped because of status 'skipped'. 
[0m16:44:09.571626 [info ] [Thread-2 (]: 20 of 68 SKIP test not_null_stg_DEV_SEEDS__DIM_CARBON_TAX_RATES_CARBON_TAX_RATE_USD_PER_TCO2  [[33mSKIP[0m]
[0m16:44:09.571948 [debug] [Thread-2 (]: Finished running node test.logistics_simulator_v2.not_null_stg_DEV_SEEDS__DIM_CARBON_TAX_RATES_CARBON_TAX_RATE_USD_PER_TCO2.d18722d1cb
[0m16:44:09.572165 [debug] [Thread-2 (]: Began running node test.logistics_simulator_v2.not_null_stg_DEV_SEEDS__DIM_CARBON_TAX_RATES_COUNTRY_CD_2CHAR.65242f42e4
[0m16:44:09.572477 [debug] [Thread-5 (]: Marking all children of 'test.logistics_simulator_v2.not_null_stg_DEV_SEEDS__DIM_CARBON_TAX_RATES_CARBON_TAX_RATE_USD_PER_TCO2.d18722d1cb' to be skipped because of status 'skipped'. 
[0m16:44:09.572800 [info ] [Thread-2 (]: 21 of 68 SKIP test not_null_stg_DEV_SEEDS__DIM_CARBON_TAX_RATES_COUNTRY_CD_2CHAR  [[33mSKIP[0m]
[0m16:44:09.573155 [debug] [Thread-2 (]: Finished running node test.logistics_simulator_v2.not_null_stg_DEV_SEEDS__DIM_CARBON_TAX_RATES_COUNTRY_CD_2CHAR.65242f42e4
[0m16:44:09.573402 [debug] [Thread-2 (]: Began running node test.logistics_simulator_v2.not_null_stg_DEV_SEEDS__DIM_CARBON_TAX_RATES_COUNTRY_CD_3CHAR.46b1eee9e9
[0m16:44:09.573635 [info ] [Thread-2 (]: 22 of 68 SKIP test not_null_stg_DEV_SEEDS__DIM_CARBON_TAX_RATES_COUNTRY_CD_3CHAR  [[33mSKIP[0m]
[0m16:44:09.573878 [debug] [Thread-2 (]: Finished running node test.logistics_simulator_v2.not_null_stg_DEV_SEEDS__DIM_CARBON_TAX_RATES_COUNTRY_CD_3CHAR.46b1eee9e9
[0m16:44:09.574057 [debug] [Thread-5 (]: Marking all children of 'test.logistics_simulator_v2.not_null_stg_DEV_SEEDS__DIM_CARBON_TAX_RATES_COUNTRY_CD_2CHAR.65242f42e4' to be skipped because of status 'skipped'. 
[0m16:44:09.574292 [debug] [Thread-2 (]: Began running node test.logistics_simulator_v2.accepted_values_stg_DEV_SEEDS__DIM_TRANSPORT_FUEL_TRANSPORT_MODE__AIR__SEA__RAIL.ac064d775d
[0m16:44:09.574504 [debug] [Thread-5 (]: Marking all children of 'test.logistics_simulator_v2.not_null_stg_DEV_SEEDS__DIM_CARBON_TAX_RATES_COUNTRY_CD_3CHAR.46b1eee9e9' to be skipped because of status 'skipped'. 
[0m16:44:09.574725 [info ] [Thread-2 (]: 23 of 68 SKIP test accepted_values_stg_DEV_SEEDS__DIM_TRANSPORT_FUEL_TRANSPORT_MODE__AIR__SEA__RAIL  [[33mSKIP[0m]
[0m16:44:09.574995 [debug] [Thread-2 (]: Finished running node test.logistics_simulator_v2.accepted_values_stg_DEV_SEEDS__DIM_TRANSPORT_FUEL_TRANSPORT_MODE__AIR__SEA__RAIL.ac064d775d
[0m16:44:09.575221 [debug] [Thread-2 (]: Began running node test.logistics_simulator_v2.accepted_values_stg_DEV_SEEDS__DIM_TRANSPORT_FUEL_VIHECLE_TYPE__Average_mixed__BELLY_FREIGHT__Building_Materials__Cars__Cereals__Chemical_tanker__Chemicals__Coal_Steel__Container__FREIGHTER__General_cargo__Liquefied_gas_tanker__Manufactured_Products__Oil_tanker__Other_liquids_tankers__Refrigerated_bulk__Trailer_only_on_train__Truck_trailer_on_train.954fcc782b
[0m16:44:09.575409 [debug] [Thread-5 (]: Marking all children of 'test.logistics_simulator_v2.accepted_values_stg_DEV_SEEDS__DIM_TRANSPORT_FUEL_TRANSPORT_MODE__AIR__SEA__RAIL.ac064d775d' to be skipped because of status 'skipped'. 
[0m16:44:09.575676 [info ] [Thread-2 (]: 24 of 68 SKIP test accepted_values_stg_DEV_SEEDS__DIM_TRANSPORT_FUEL_VIHECLE_TYPE__Average_mixed__BELLY_FREIGHT__Building_Materials__Cars__Cereals__Chemical_tanker__Chemicals__Coal_Steel__Container__FREIGHTER__General_cargo__Liquefied_gas_tanker__Manufactured_Products__Oil_tanker__Other_liquids_tankers__Refrigerated_bulk__Trailer_only_on_train__Truck_trailer_on_train  [[33mSKIP[0m]
[0m16:44:09.575991 [debug] [Thread-2 (]: Finished running node test.logistics_simulator_v2.accepted_values_stg_DEV_SEEDS__DIM_TRANSPORT_FUEL_VIHECLE_TYPE__Average_mixed__BELLY_FREIGHT__Building_Materials__Cars__Cereals__Chemical_tanker__Chemicals__Coal_Steel__Container__FREIGHTER__General_cargo__Liquefied_gas_tanker__Manufactured_Products__Oil_tanker__Other_liquids_tankers__Refrigerated_bulk__Trailer_only_on_train__Truck_trailer_on_train.954fcc782b
[0m16:44:09.576223 [debug] [Thread-2 (]: Began running node test.logistics_simulator_v2.not_null_stg_DEV_SEEDS__DIM_TRANSPORT_FUEL_FUEL_L_T_KM.7b062d08a3
[0m16:44:09.576435 [info ] [Thread-2 (]: 25 of 68 SKIP test not_null_stg_DEV_SEEDS__DIM_TRANSPORT_FUEL_FUEL_L_T_KM ...... [[33mSKIP[0m]
[0m16:44:09.576664 [debug] [Thread-2 (]: Finished running node test.logistics_simulator_v2.not_null_stg_DEV_SEEDS__DIM_TRANSPORT_FUEL_FUEL_L_T_KM.7b062d08a3
[0m16:44:09.576856 [debug] [Thread-5 (]: Marking all children of 'test.logistics_simulator_v2.accepted_values_stg_DEV_SEEDS__DIM_TRANSPORT_FUEL_VIHECLE_TYPE__Average_mixed__BELLY_FREIGHT__Building_Materials__Cars__Cereals__Chemical_tanker__Chemicals__Coal_Steel__Container__FREIGHTER__General_cargo__Liquefied_gas_tanker__Manufactured_Products__Oil_tanker__Other_liquids_tankers__Refrigerated_bulk__Trailer_only_on_train__Truck_trailer_on_train.954fcc782b' to be skipped because of status 'skipped'. 
[0m16:44:09.577071 [debug] [Thread-2 (]: Began running node test.logistics_simulator_v2.accepted_values_stg_DEV_SEEDS__FCT_FUEL_PRICES_FUEL_TYPE__MDO__HFO__Jet_Fuel__VLSFO__Diesel.cec60f3372
[0m16:44:09.577265 [debug] [Thread-5 (]: Marking all children of 'test.logistics_simulator_v2.not_null_stg_DEV_SEEDS__DIM_TRANSPORT_FUEL_FUEL_L_T_KM.7b062d08a3' to be skipped because of status 'skipped'. 
[0m16:44:09.577467 [info ] [Thread-2 (]: 26 of 68 SKIP test accepted_values_stg_DEV_SEEDS__FCT_FUEL_PRICES_FUEL_TYPE__MDO__HFO__Jet_Fuel__VLSFO__Diesel  [[33mSKIP[0m]
[0m16:44:09.577784 [debug] [Thread-2 (]: Finished running node test.logistics_simulator_v2.accepted_values_stg_DEV_SEEDS__FCT_FUEL_PRICES_FUEL_TYPE__MDO__HFO__Jet_Fuel__VLSFO__Diesel.cec60f3372
[0m16:44:09.577979 [debug] [Thread-2 (]: Began running node test.logistics_simulator_v2.not_null_stg_DEV_SEEDS__FCT_FUEL_PRICES_DATE.f581c2e3a5
[0m16:44:09.578156 [debug] [Thread-5 (]: Marking all children of 'test.logistics_simulator_v2.accepted_values_stg_DEV_SEEDS__FCT_FUEL_PRICES_FUEL_TYPE__MDO__HFO__Jet_Fuel__VLSFO__Diesel.cec60f3372' to be skipped because of status 'skipped'. 
[0m16:44:09.578349 [info ] [Thread-2 (]: 27 of 68 SKIP test not_null_stg_DEV_SEEDS__FCT_FUEL_PRICES_DATE ................ [[33mSKIP[0m]
[0m16:44:09.578608 [debug] [Thread-2 (]: Finished running node test.logistics_simulator_v2.not_null_stg_DEV_SEEDS__FCT_FUEL_PRICES_DATE.f581c2e3a5
[0m16:44:09.578929 [debug] [Thread-2 (]: Began running node test.logistics_simulator_v2.not_null_stg_DEV_SEEDS__FCT_FUEL_PRICES_FUEL_PRICE_USD_PER_L.c5af050d98
[0m16:44:09.579110 [debug] [Thread-5 (]: Marking all children of 'test.logistics_simulator_v2.not_null_stg_DEV_SEEDS__FCT_FUEL_PRICES_DATE.f581c2e3a5' to be skipped because of status 'skipped'. 
[0m16:44:09.579308 [info ] [Thread-2 (]: 28 of 68 SKIP test not_null_stg_DEV_SEEDS__FCT_FUEL_PRICES_FUEL_PRICE_USD_PER_L  [[33mSKIP[0m]
[0m16:44:09.579551 [debug] [Thread-2 (]: Finished running node test.logistics_simulator_v2.not_null_stg_DEV_SEEDS__FCT_FUEL_PRICES_FUEL_PRICE_USD_PER_L.c5af050d98
[0m16:44:09.579744 [debug] [Thread-2 (]: Began running node test.logistics_simulator_v2.accepted_values_stg_DEV_SEEDS__MAIN_PORTS_COUNTRY_CD_2CHAR__AE__BE__CN__DE__FR__KR__NL__SG__US.165739d692
[0m16:44:09.579907 [debug] [Thread-5 (]: Marking all children of 'test.logistics_simulator_v2.not_null_stg_DEV_SEEDS__FCT_FUEL_PRICES_FUEL_PRICE_USD_PER_L.c5af050d98' to be skipped because of status 'skipped'. 
[0m16:44:09.580103 [info ] [Thread-2 (]: 29 of 68 SKIP test accepted_values_stg_DEV_SEEDS__MAIN_PORTS_COUNTRY_CD_2CHAR__AE__BE__CN__DE__FR__KR__NL__SG__US  [[33mSKIP[0m]
[0m16:44:09.580406 [debug] [Thread-2 (]: Finished running node test.logistics_simulator_v2.accepted_values_stg_DEV_SEEDS__MAIN_PORTS_COUNTRY_CD_2CHAR__AE__BE__CN__DE__FR__KR__NL__SG__US.165739d692
[0m16:44:09.580599 [debug] [Thread-2 (]: Began running node test.logistics_simulator_v2.accepted_values_stg_DEV_SEEDS__MAIN_PORTS_COUNTRY_CD_3CHAR__ARE__BEL__CHN__DEU__FRA__KOR__NLD__SGP__USA.3aeda9602d
[0m16:44:09.580770 [debug] [Thread-5 (]: Marking all children of 'test.logistics_simulator_v2.accepted_values_stg_DEV_SEEDS__MAIN_PORTS_COUNTRY_CD_2CHAR__AE__BE__CN__DE__FR__KR__NL__SG__US.165739d692' to be skipped because of status 'skipped'. 
[0m16:44:09.580966 [info ] [Thread-2 (]: 30 of 68 SKIP test accepted_values_stg_DEV_SEEDS__MAIN_PORTS_COUNTRY_CD_3CHAR__ARE__BEL__CHN__DEU__FRA__KOR__NLD__SGP__USA  [[33mSKIP[0m]
[0m16:44:09.581232 [debug] [Thread-2 (]: Finished running node test.logistics_simulator_v2.accepted_values_stg_DEV_SEEDS__MAIN_PORTS_COUNTRY_CD_3CHAR__ARE__BEL__CHN__DEU__FRA__KOR__NLD__SGP__USA.3aeda9602d
[0m16:44:09.581435 [debug] [Thread-2 (]: Began running node test.logistics_simulator_v2.accepted_values_stg_DEV_SEEDS__MAIN_PORTS_COUNTRY_NAME__UAE__BELGIUM__CHINA__GERMANY__FRANCE__KOREA__NETHERLANDS__SINGAPORE__USA.2ec5b6fa4d
[0m16:44:09.581640 [info ] [Thread-2 (]: 31 of 68 SKIP test accepted_values_stg_DEV_SEEDS__MAIN_PORTS_COUNTRY_NAME__UAE__BELGIUM__CHINA__GERMANY__FRANCE__KOREA__NETHERLANDS__SINGAPORE__USA  [[33mSKIP[0m]
[0m16:44:09.581844 [debug] [Thread-5 (]: Marking all children of 'test.logistics_simulator_v2.accepted_values_stg_DEV_SEEDS__MAIN_PORTS_COUNTRY_CD_3CHAR__ARE__BEL__CHN__DEU__FRA__KOR__NLD__SGP__USA.3aeda9602d' to be skipped because of status 'skipped'. 
[0m16:44:09.582085 [debug] [Thread-2 (]: Finished running node test.logistics_simulator_v2.accepted_values_stg_DEV_SEEDS__MAIN_PORTS_COUNTRY_NAME__UAE__BELGIUM__CHINA__GERMANY__FRANCE__KOREA__NETHERLANDS__SINGAPORE__USA.2ec5b6fa4d
[0m16:44:09.582357 [debug] [Thread-2 (]: Began running node test.logistics_simulator_v2.not_null_stg_DEV_SEEDS__MAIN_PORTS_COUNTRY_CD_2CHAR.6fc65aac24
[0m16:44:09.582559 [info ] [Thread-2 (]: 32 of 68 SKIP test not_null_stg_DEV_SEEDS__MAIN_PORTS_COUNTRY_CD_2CHAR ......... [[33mSKIP[0m]
[0m16:44:09.582766 [debug] [Thread-2 (]: Finished running node test.logistics_simulator_v2.not_null_stg_DEV_SEEDS__MAIN_PORTS_COUNTRY_CD_2CHAR.6fc65aac24
[0m16:44:09.582922 [debug] [Thread-5 (]: Marking all children of 'test.logistics_simulator_v2.accepted_values_stg_DEV_SEEDS__MAIN_PORTS_COUNTRY_NAME__UAE__BELGIUM__CHINA__GERMANY__FRANCE__KOREA__NETHERLANDS__SINGAPORE__USA.2ec5b6fa4d' to be skipped because of status 'skipped'. 
[0m16:44:09.583099 [debug] [Thread-2 (]: Began running node test.logistics_simulator_v2.not_null_stg_DEV_SEEDS__MAIN_PORTS_COUNTRY_CD_3CHAR.722b2098c6
[0m16:44:09.583272 [debug] [Thread-5 (]: Marking all children of 'test.logistics_simulator_v2.not_null_stg_DEV_SEEDS__MAIN_PORTS_COUNTRY_CD_2CHAR.6fc65aac24' to be skipped because of status 'skipped'. 
[0m16:44:09.583455 [info ] [Thread-2 (]: 33 of 68 SKIP test not_null_stg_DEV_SEEDS__MAIN_PORTS_COUNTRY_CD_3CHAR ......... [[33mSKIP[0m]
[0m16:44:09.583682 [debug] [Thread-2 (]: Finished running node test.logistics_simulator_v2.not_null_stg_DEV_SEEDS__MAIN_PORTS_COUNTRY_CD_3CHAR.722b2098c6
[0m16:44:09.583854 [debug] [Thread-2 (]: Began running node test.logistics_simulator_v2.not_null_stg_DEV_SEEDS__MAIN_PORTS_COUNTRY_NAME.68fa2e34d9
[0m16:44:09.584031 [info ] [Thread-2 (]: 34 of 68 SKIP test not_null_stg_DEV_SEEDS__MAIN_PORTS_COUNTRY_NAME ............. [[33mSKIP[0m]
[0m16:44:09.584220 [debug] [Thread-2 (]: Finished running node test.logistics_simulator_v2.not_null_stg_DEV_SEEDS__MAIN_PORTS_COUNTRY_NAME.68fa2e34d9
[0m16:44:09.584379 [debug] [Thread-5 (]: Marking all children of 'test.logistics_simulator_v2.not_null_stg_DEV_SEEDS__MAIN_PORTS_COUNTRY_CD_3CHAR.722b2098c6' to be skipped because of status 'skipped'. 
[0m16:44:09.584554 [debug] [Thread-2 (]: Began running node test.logistics_simulator_v2.not_null_stg_DEV_SEEDS__MAIN_PORTS_ID.35d00ae63c
[0m16:44:09.584734 [debug] [Thread-5 (]: Marking all children of 'test.logistics_simulator_v2.not_null_stg_DEV_SEEDS__MAIN_PORTS_COUNTRY_NAME.68fa2e34d9' to be skipped because of status 'skipped'. 
[0m16:44:09.584913 [info ] [Thread-2 (]: 35 of 68 SKIP test not_null_stg_DEV_SEEDS__MAIN_PORTS_ID ....................... [[33mSKIP[0m]
[0m16:44:09.585147 [debug] [Thread-2 (]: Finished running node test.logistics_simulator_v2.not_null_stg_DEV_SEEDS__MAIN_PORTS_ID.35d00ae63c
[0m16:44:09.585323 [debug] [Thread-2 (]: Began running node test.logistics_simulator_v2.unique_stg_DEV_SEEDS__MAIN_PORTS_ID.c1bc08b6dd
[0m16:44:09.585492 [info ] [Thread-2 (]: 36 of 68 SKIP test unique_stg_DEV_SEEDS__MAIN_PORTS_ID ......................... [[33mSKIP[0m]
[0m16:44:09.585678 [debug] [Thread-2 (]: Finished running node test.logistics_simulator_v2.unique_stg_DEV_SEEDS__MAIN_PORTS_ID.c1bc08b6dd
[0m16:44:09.585831 [debug] [Thread-5 (]: Marking all children of 'test.logistics_simulator_v2.not_null_stg_DEV_SEEDS__MAIN_PORTS_ID.35d00ae63c' to be skipped because of status 'skipped'. 
[0m16:44:09.586012 [debug] [Thread-2 (]: Began running node test.logistics_simulator_v2.accepted_values_stg_RAW__GLOBAL_SUPPLY_CHAIN_RISK_2024_2026_DISRUPTION_OCCURRED__False__0__1.22be119c35
[0m16:44:09.586189 [debug] [Thread-5 (]: Marking all children of 'test.logistics_simulator_v2.unique_stg_DEV_SEEDS__MAIN_PORTS_ID.c1bc08b6dd' to be skipped because of status 'skipped'. 
[0m16:44:09.586377 [info ] [Thread-2 (]: 37 of 68 SKIP test accepted_values_stg_RAW__GLOBAL_SUPPLY_CHAIN_RISK_2024_2026_DISRUPTION_OCCURRED__False__0__1  [[33mSKIP[0m]
[0m16:44:09.586640 [debug] [Thread-2 (]: Finished running node test.logistics_simulator_v2.accepted_values_stg_RAW__GLOBAL_SUPPLY_CHAIN_RISK_2024_2026_DISRUPTION_OCCURRED__False__0__1.22be119c35
[0m16:44:09.586824 [debug] [Thread-2 (]: Began running node test.logistics_simulator_v2.accepted_values_stg_RAW__GLOBAL_SUPPLY_CHAIN_RISK_2024_2026_PRODUCT_CATEGORY__Perishables__Electronics__Pharmaceuticals__Textiles__Automotive.d6153fd9dd
[0m16:44:09.586978 [debug] [Thread-5 (]: Marking all children of 'test.logistics_simulator_v2.accepted_values_stg_RAW__GLOBAL_SUPPLY_CHAIN_RISK_2024_2026_DISRUPTION_OCCURRED__False__0__1.22be119c35' to be skipped because of status 'skipped'. 
[0m16:44:09.587155 [info ] [Thread-2 (]: 38 of 68 SKIP test accepted_values_stg_RAW__GLOBAL_SUPPLY_CHAIN_RISK_2024_2026_PRODUCT_CATEGORY__Perishables__Electronics__Pharmaceuticals__Textiles__Automotive  [[33mSKIP[0m]
[0m16:44:09.587392 [debug] [Thread-2 (]: Finished running node test.logistics_simulator_v2.accepted_values_stg_RAW__GLOBAL_SUPPLY_CHAIN_RISK_2024_2026_PRODUCT_CATEGORY__Perishables__Electronics__Pharmaceuticals__Textiles__Automotive.d6153fd9dd
[0m16:44:09.587575 [debug] [Thread-2 (]: Began running node test.logistics_simulator_v2.accepted_values_stg_RAW__GLOBAL_SUPPLY_CHAIN_RISK_2024_2026_TRANSPORT_MODE__Air__Sea__Rail__Road.a97b79a52f
[0m16:44:09.587725 [debug] [Thread-5 (]: Marking all children of 'test.logistics_simulator_v2.accepted_values_stg_RAW__GLOBAL_SUPPLY_CHAIN_RISK_2024_2026_PRODUCT_CATEGORY__Perishables__Electronics__Pharmaceuticals__Textiles__Automotive.d6153fd9dd' to be skipped because of status 'skipped'. 
[0m16:44:09.587899 [info ] [Thread-2 (]: 39 of 68 SKIP test accepted_values_stg_RAW__GLOBAL_SUPPLY_CHAIN_RISK_2024_2026_TRANSPORT_MODE__Air__Sea__Rail__Road  [[33mSKIP[0m]
[0m16:44:09.588128 [debug] [Thread-2 (]: Finished running node test.logistics_simulator_v2.accepted_values_stg_RAW__GLOBAL_SUPPLY_CHAIN_RISK_2024_2026_TRANSPORT_MODE__Air__Sea__Rail__Road.a97b79a52f
[0m16:44:09.588305 [debug] [Thread-2 (]: Began running node test.logistics_simulator_v2.accepted_values_stg_RAW__GLOBAL_SUPPLY_CHAIN_RISK_2024_2026_WEATHER_CONDITION__Rain__Storm__Fog__Hurricane__Clear.c52f57a832
[0m16:44:09.588450 [debug] [Thread-5 (]: Marking all children of 'test.logistics_simulator_v2.accepted_values_stg_RAW__GLOBAL_SUPPLY_CHAIN_RISK_2024_2026_TRANSPORT_MODE__Air__Sea__Rail__Road.a97b79a52f' to be skipped because of status 'skipped'. 
[0m16:44:09.588621 [info ] [Thread-2 (]: 40 of 68 SKIP test accepted_values_stg_RAW__GLOBAL_SUPPLY_CHAIN_RISK_2024_2026_WEATHER_CONDITION__Rain__Storm__Fog__Hurricane__Clear  [[33mSKIP[0m]
[0m16:44:09.588868 [debug] [Thread-2 (]: Finished running node test.logistics_simulator_v2.accepted_values_stg_RAW__GLOBAL_SUPPLY_CHAIN_RISK_2024_2026_WEATHER_CONDITION__Rain__Storm__Fog__Hurricane__Clear.c52f57a832
[0m16:44:09.589049 [debug] [Thread-2 (]: Began running node test.logistics_simulator_v2.not_null_stg_RAW__GLOBAL_SUPPLY_CHAIN_RISK_2024_2026_CARRIER_RELIABILITY_SCORE.c3e248c08a
[0m16:44:09.589234 [info ] [Thread-2 (]: 41 of 68 SKIP test not_null_stg_RAW__GLOBAL_SUPPLY_CHAIN_RISK_2024_2026_CARRIER_RELIABILITY_SCORE  [[33mSKIP[0m]
[0m16:44:09.589442 [debug] [Thread-5 (]: Marking all children of 'test.logistics_simulator_v2.accepted_values_stg_RAW__GLOBAL_SUPPLY_CHAIN_RISK_2024_2026_WEATHER_CONDITION__Rain__Storm__Fog__Hurricane__Clear.c52f57a832' to be skipped because of status 'skipped'. 
[0m16:44:09.589627 [debug] [Thread-2 (]: Finished running node test.logistics_simulator_v2.not_null_stg_RAW__GLOBAL_SUPPLY_CHAIN_RISK_2024_2026_CARRIER_RELIABILITY_SCORE.c3e248c08a
[0m16:44:09.589834 [debug] [Thread-2 (]: Began running node test.logistics_simulator_v2.not_null_stg_RAW__GLOBAL_SUPPLY_CHAIN_RISK_2024_2026_DATE.223f34ee26
[0m16:44:09.589979 [debug] [Thread-5 (]: Marking all children of 'test.logistics_simulator_v2.not_null_stg_RAW__GLOBAL_SUPPLY_CHAIN_RISK_2024_2026_CARRIER_RELIABILITY_SCORE.c3e248c08a' to be skipped because of status 'skipped'. 
[0m16:44:09.590145 [info ] [Thread-2 (]: 42 of 68 SKIP test not_null_stg_RAW__GLOBAL_SUPPLY_CHAIN_RISK_2024_2026_DATE ... [[33mSKIP[0m]
[0m16:44:09.590385 [debug] [Thread-2 (]: Finished running node test.logistics_simulator_v2.not_null_stg_RAW__GLOBAL_SUPPLY_CHAIN_RISK_2024_2026_DATE.223f34ee26
[0m16:44:09.590583 [debug] [Thread-2 (]: Began running node test.logistics_simulator_v2.not_null_stg_RAW__GLOBAL_SUPPLY_CHAIN_RISK_2024_2026_DESTINATION_PORT.9f8697b06a
[0m16:44:09.590727 [debug] [Thread-5 (]: Marking all children of 'test.logistics_simulator_v2.not_null_stg_RAW__GLOBAL_SUPPLY_CHAIN_RISK_2024_2026_DATE.223f34ee26' to be skipped because of status 'skipped'. 
[0m16:44:09.590918 [info ] [Thread-2 (]: 43 of 68 SKIP test not_null_stg_RAW__GLOBAL_SUPPLY_CHAIN_RISK_2024_2026_DESTINATION_PORT  [[33mSKIP[0m]
[0m16:44:09.591146 [debug] [Thread-2 (]: Finished running node test.logistics_simulator_v2.not_null_stg_RAW__GLOBAL_SUPPLY_CHAIN_RISK_2024_2026_DESTINATION_PORT.9f8697b06a
[0m16:44:09.591321 [debug] [Thread-2 (]: Began running node test.logistics_simulator_v2.not_null_stg_RAW__GLOBAL_SUPPLY_CHAIN_RISK_2024_2026_DISTANCE_KM.3a9e30b25a
[0m16:44:09.591457 [debug] [Thread-5 (]: Marking all children of 'test.logistics_simulator_v2.not_null_stg_RAW__GLOBAL_SUPPLY_CHAIN_RISK_2024_2026_DESTINATION_PORT.9f8697b06a' to be skipped because of status 'skipped'. 
[0m16:44:09.591617 [info ] [Thread-2 (]: 44 of 68 SKIP test not_null_stg_RAW__GLOBAL_SUPPLY_CHAIN_RISK_2024_2026_DISTANCE_KM  [[33mSKIP[0m]
[0m16:44:09.591830 [debug] [Thread-2 (]: Finished running node test.logistics_simulator_v2.not_null_stg_RAW__GLOBAL_SUPPLY_CHAIN_RISK_2024_2026_DISTANCE_KM.3a9e30b25a
[0m16:44:09.591999 [debug] [Thread-2 (]: Began running node test.logistics_simulator_v2.not_null_stg_RAW__GLOBAL_SUPPLY_CHAIN_RISK_2024_2026_FUEL_PRICE_INDEX.4d3d7e3125
[0m16:44:09.592148 [debug] [Thread-5 (]: Marking all children of 'test.logistics_simulator_v2.not_null_stg_RAW__GLOBAL_SUPPLY_CHAIN_RISK_2024_2026_DISTANCE_KM.3a9e30b25a' to be skipped because of status 'skipped'. 
[0m16:44:09.592307 [info ] [Thread-2 (]: 45 of 68 SKIP test not_null_stg_RAW__GLOBAL_SUPPLY_CHAIN_RISK_2024_2026_FUEL_PRICE_INDEX  [[33mSKIP[0m]
[0m16:44:09.592534 [debug] [Thread-2 (]: Finished running node test.logistics_simulator_v2.not_null_stg_RAW__GLOBAL_SUPPLY_CHAIN_RISK_2024_2026_FUEL_PRICE_INDEX.4d3d7e3125
[0m16:44:09.592700 [debug] [Thread-2 (]: Began running node test.logistics_simulator_v2.not_null_stg_RAW__GLOBAL_SUPPLY_CHAIN_RISK_2024_2026_GEOGRAPHICAL_RISK_SCORE.2d46a9fe46
[0m16:44:09.592866 [info ] [Thread-2 (]: 46 of 68 SKIP test not_null_stg_RAW__GLOBAL_SUPPLY_CHAIN_RISK_2024_2026_GEOGRAPHICAL_RISK_SCORE  [[33mSKIP[0m]
[0m16:44:09.593022 [debug] [Thread-5 (]: Marking all children of 'test.logistics_simulator_v2.not_null_stg_RAW__GLOBAL_SUPPLY_CHAIN_RISK_2024_2026_FUEL_PRICE_INDEX.4d3d7e3125' to be skipped because of status 'skipped'. 
[0m16:44:09.593192 [debug] [Thread-2 (]: Finished running node test.logistics_simulator_v2.not_null_stg_RAW__GLOBAL_SUPPLY_CHAIN_RISK_2024_2026_GEOGRAPHICAL_RISK_SCORE.2d46a9fe46
[0m16:44:09.593407 [debug] [Thread-2 (]: Began running node test.logistics_simulator_v2.not_null_stg_RAW__GLOBAL_SUPPLY_CHAIN_RISK_2024_2026_LEAD_TIME_DAYS.1bb9c936cc
[0m16:44:09.593578 [info ] [Thread-2 (]: 47 of 68 SKIP test not_null_stg_RAW__GLOBAL_SUPPLY_CHAIN_RISK_2024_2026_LEAD_TIME_DAYS  [[33mSKIP[0m]
[0m16:44:09.593760 [debug] [Thread-2 (]: Finished running node test.logistics_simulator_v2.not_null_stg_RAW__GLOBAL_SUPPLY_CHAIN_RISK_2024_2026_LEAD_TIME_DAYS.1bb9c936cc
[0m16:44:09.593899 [debug] [Thread-5 (]: Marking all children of 'test.logistics_simulator_v2.not_null_stg_RAW__GLOBAL_SUPPLY_CHAIN_RISK_2024_2026_GEOGRAPHICAL_RISK_SCORE.2d46a9fe46' to be skipped because of status 'skipped'. 
[0m16:44:09.594059 [debug] [Thread-2 (]: Began running node test.logistics_simulator_v2.not_null_stg_RAW__GLOBAL_SUPPLY_CHAIN_RISK_2024_2026_ORIGIN_PORT.8183ad562a
[0m16:44:09.594214 [debug] [Thread-5 (]: Marking all children of 'test.logistics_simulator_v2.not_null_stg_RAW__GLOBAL_SUPPLY_CHAIN_RISK_2024_2026_LEAD_TIME_DAYS.1bb9c936cc' to be skipped because of status 'skipped'. 
[0m16:44:09.594377 [info ] [Thread-2 (]: 48 of 68 SKIP test not_null_stg_RAW__GLOBAL_SUPPLY_CHAIN_RISK_2024_2026_ORIGIN_PORT  [[33mSKIP[0m]
[0m16:44:09.594586 [debug] [Thread-2 (]: Finished running node test.logistics_simulator_v2.not_null_stg_RAW__GLOBAL_SUPPLY_CHAIN_RISK_2024_2026_ORIGIN_PORT.8183ad562a
[0m16:44:09.594742 [debug] [Thread-2 (]: Began running node test.logistics_simulator_v2.not_null_stg_RAW__GLOBAL_SUPPLY_CHAIN_RISK_2024_2026_SHIPMENT_ID.a1acdd93ae
[0m16:44:09.594894 [info ] [Thread-2 (]: 49 of 68 SKIP test not_null_stg_RAW__GLOBAL_SUPPLY_CHAIN_RISK_2024_2026_SHIPMENT_ID  [[33mSKIP[0m]
[0m16:44:09.595062 [debug] [Thread-2 (]: Finished running node test.logistics_simulator_v2.not_null_stg_RAW__GLOBAL_SUPPLY_CHAIN_RISK_2024_2026_SHIPMENT_ID.a1acdd93ae
[0m16:44:09.595194 [debug] [Thread-5 (]: Marking all children of 'test.logistics_simulator_v2.not_null_stg_RAW__GLOBAL_SUPPLY_CHAIN_RISK_2024_2026_ORIGIN_PORT.8183ad562a' to be skipped because of status 'skipped'. 
[0m16:44:09.595346 [debug] [Thread-2 (]: Began running node test.logistics_simulator_v2.not_null_stg_RAW__GLOBAL_SUPPLY_CHAIN_RISK_2024_2026_WEIGHT_MT.1e23e31e43
[0m16:44:09.595495 [debug] [Thread-5 (]: Marking all children of 'test.logistics_simulator_v2.not_null_stg_RAW__GLOBAL_SUPPLY_CHAIN_RISK_2024_2026_SHIPMENT_ID.a1acdd93ae' to be skipped because of status 'skipped'. 
[0m16:44:09.595655 [info ] [Thread-2 (]: 50 of 68 SKIP test not_null_stg_RAW__GLOBAL_SUPPLY_CHAIN_RISK_2024_2026_WEIGHT_MT  [[33mSKIP[0m]
[0m16:44:09.595855 [debug] [Thread-2 (]: Finished running node test.logistics_simulator_v2.not_null_stg_RAW__GLOBAL_SUPPLY_CHAIN_RISK_2024_2026_WEIGHT_MT.1e23e31e43
[0m16:44:09.596019 [debug] [Thread-2 (]: Began running node model.logistics_simulator_v2.mrt__DIM_MODE_FACTOR
[0m16:44:09.596158 [debug] [Thread-5 (]: Marking all children of 'test.logistics_simulator_v2.not_null_stg_RAW__GLOBAL_SUPPLY_CHAIN_RISK_2024_2026_WEIGHT_MT.1e23e31e43' to be skipped because of status 'skipped'. 
[0m16:44:09.596314 [info ] [Thread-2 (]: 51 of 68 SKIP relation PUBLIC_ANALYTICS.mrt__DIM_MODE_FACTOR ................... [[33mSKIP[0m]
[0m16:44:09.596602 [debug] [Thread-2 (]: Finished running node model.logistics_simulator_v2.mrt__DIM_MODE_FACTOR
[0m16:44:09.596892 [debug] [Thread-2 (]: Began running node model.logistics_simulator_v2.int__FCT_AGG_FUEL_PRICE
[0m16:44:09.597040 [debug] [Thread-5 (]: Marking all children of 'model.logistics_simulator_v2.mrt__DIM_MODE_FACTOR' to be skipped because of status 'skipped'. 
[0m16:44:09.597199 [info ] [Thread-2 (]: 52 of 68 SKIP relation PUBLIC_INTERMEDIATE.int__FCT_AGG_FUEL_PRICE ............. [[33mSKIP[0m]
[0m16:44:09.597403 [debug] [Thread-2 (]: Finished running node model.logistics_simulator_v2.int__FCT_AGG_FUEL_PRICE
[0m16:44:09.597564 [debug] [Thread-2 (]: Began running node model.logistics_simulator_v2.mrt__DIM_COUNTRY_FACTOR
[0m16:44:09.597716 [info ] [Thread-2 (]: 53 of 68 SKIP relation PUBLIC_ANALYTICS.mrt__DIM_COUNTRY_FACTOR ................ [[33mSKIP[0m]
[0m16:44:09.597872 [debug] [Thread-5 (]: Marking all children of 'model.logistics_simulator_v2.int__FCT_AGG_FUEL_PRICE' to be skipped because of status 'skipped'. 
[0m16:44:09.598026 [debug] [Thread-2 (]: Finished running node model.logistics_simulator_v2.mrt__DIM_COUNTRY_FACTOR
[0m16:44:09.598225 [debug] [Thread-2 (]: Began running node model.logistics_simulator_v2.int__FCT_LOGS_RAW
[0m16:44:09.598358 [debug] [Thread-5 (]: Marking all children of 'model.logistics_simulator_v2.mrt__DIM_COUNTRY_FACTOR' to be skipped because of status 'skipped'. 
[0m16:44:09.598505 [info ] [Thread-2 (]: 54 of 68 SKIP relation PUBLIC_INTERMEDIATE.int__FCT_LOGS_RAW ................... [[33mSKIP[0m]
[0m16:44:09.598705 [debug] [Thread-2 (]: Finished running node model.logistics_simulator_v2.int__FCT_LOGS_RAW
[0m16:44:09.598845 [debug] [Thread-5 (]: Marking all children of 'model.logistics_simulator_v2.int__FCT_LOGS_RAW' to be skipped because of status 'skipped'. 
[0m16:44:09.599173 [debug] [Thread-2 (]: Began running node test.logistics_simulator_v2.accepted_values_int__FCT_LOGS_RAW_DISRUPTION_OCCURRED__0__1.d92575e0e7
[0m16:44:09.599331 [info ] [Thread-2 (]: 55 of 68 SKIP test accepted_values_int__FCT_LOGS_RAW_DISRUPTION_OCCURRED__0__1 . [[33mSKIP[0m]
[0m16:44:09.599521 [debug] [Thread-2 (]: Finished running node test.logistics_simulator_v2.accepted_values_int__FCT_LOGS_RAW_DISRUPTION_OCCURRED__0__1.d92575e0e7
[0m16:44:09.599688 [debug] [Thread-2 (]: Began running node test.logistics_simulator_v2.accepted_values_int__FCT_LOGS_RAW_PRODUCT_CATEGORY__Perishables__Electronics__Pharmaceuticals__Textiles__Automotive.6c96883693
[0m16:44:09.599849 [info ] [Thread-2 (]: 56 of 68 SKIP test accepted_values_int__FCT_LOGS_RAW_PRODUCT_CATEGORY__Perishables__Electronics__Pharmaceuticals__Textiles__Automotive  [[33mSKIP[0m]
[0m16:44:09.600020 [debug] [Thread-2 (]: Finished running node test.logistics_simulator_v2.accepted_values_int__FCT_LOGS_RAW_PRODUCT_CATEGORY__Perishables__Electronics__Pharmaceuticals__Textiles__Automotive.6c96883693
[0m16:44:09.600178 [debug] [Thread-2 (]: Began running node test.logistics_simulator_v2.accepted_values_int__FCT_LOGS_RAW_TRANSPORT_MODE__AIR__SEA__RAIL__ROAD.3cf61cfc61
[0m16:44:09.600332 [info ] [Thread-2 (]: 57 of 68 SKIP test accepted_values_int__FCT_LOGS_RAW_TRANSPORT_MODE__AIR__SEA__RAIL__ROAD  [[33mSKIP[0m]
[0m16:44:09.600478 [debug] [Thread-5 (]: Marking all children of 'test.logistics_simulator_v2.accepted_values_int__FCT_LOGS_RAW_DISRUPTION_OCCURRED__0__1.d92575e0e7' to be skipped because of status 'skipped'. 
[0m16:44:09.600630 [debug] [Thread-2 (]: Finished running node test.logistics_simulator_v2.accepted_values_int__FCT_LOGS_RAW_TRANSPORT_MODE__AIR__SEA__RAIL__ROAD.3cf61cfc61
[0m16:44:09.600769 [debug] [Thread-5 (]: Marking all children of 'test.logistics_simulator_v2.accepted_values_int__FCT_LOGS_RAW_PRODUCT_CATEGORY__Perishables__Electronics__Pharmaceuticals__Textiles__Automotive.6c96883693' to be skipped because of status 'skipped'. 
[0m16:44:09.600926 [debug] [Thread-2 (]: Began running node test.logistics_simulator_v2.accepted_values_int__FCT_LOGS_RAW_WEATHER_CONDITION__Rain__Storm__Fog__Hurricane__Clear.2fe507ac54
[0m16:44:09.601065 [debug] [Thread-5 (]: Marking all children of 'test.logistics_simulator_v2.accepted_values_int__FCT_LOGS_RAW_TRANSPORT_MODE__AIR__SEA__RAIL__ROAD.3cf61cfc61' to be skipped because of status 'skipped'. 
[0m16:44:09.601224 [info ] [Thread-2 (]: 58 of 68 SKIP test accepted_values_int__FCT_LOGS_RAW_WEATHER_CONDITION__Rain__Storm__Fog__Hurricane__Clear  [[33mSKIP[0m]
[0m16:44:09.601413 [debug] [Thread-2 (]: Finished running node test.logistics_simulator_v2.accepted_values_int__FCT_LOGS_RAW_WEATHER_CONDITION__Rain__Storm__Fog__Hurricane__Clear.2fe507ac54
[0m16:44:09.601560 [debug] [Thread-2 (]: Began running node test.logistics_simulator_v2.not_null_int__FCT_LOGS_RAW_DATE.6d28529090
[0m16:44:09.601687 [debug] [Thread-5 (]: Marking all children of 'test.logistics_simulator_v2.accepted_values_int__FCT_LOGS_RAW_WEATHER_CONDITION__Rain__Storm__Fog__Hurricane__Clear.2fe507ac54' to be skipped because of status 'skipped'. 
[0m16:44:09.601828 [info ] [Thread-2 (]: 59 of 68 SKIP test not_null_int__FCT_LOGS_RAW_DATE ............................. [[33mSKIP[0m]
[0m16:44:09.602019 [debug] [Thread-2 (]: Finished running node test.logistics_simulator_v2.not_null_int__FCT_LOGS_RAW_DATE.6d28529090
[0m16:44:09.602170 [debug] [Thread-2 (]: Began running node test.logistics_simulator_v2.not_null_int__FCT_LOGS_RAW_DESTINATION_BASE_POINT.51eb22bfd9
[0m16:44:09.602295 [debug] [Thread-5 (]: Marking all children of 'test.logistics_simulator_v2.not_null_int__FCT_LOGS_RAW_DATE.6d28529090' to be skipped because of status 'skipped'. 
[0m16:44:09.602438 [info ] [Thread-2 (]: 60 of 68 SKIP test not_null_int__FCT_LOGS_RAW_DESTINATION_BASE_POINT ........... [[33mSKIP[0m]
[0m16:44:09.602631 [debug] [Thread-2 (]: Finished running node test.logistics_simulator_v2.not_null_int__FCT_LOGS_RAW_DESTINATION_BASE_POINT.51eb22bfd9
[0m16:44:09.602783 [debug] [Thread-2 (]: Began running node test.logistics_simulator_v2.not_null_int__FCT_LOGS_RAW_ORIGIN_BASE_POINT.c96703a235
[0m16:44:09.602904 [debug] [Thread-5 (]: Marking all children of 'test.logistics_simulator_v2.not_null_int__FCT_LOGS_RAW_DESTINATION_BASE_POINT.51eb22bfd9' to be skipped because of status 'skipped'. 
[0m16:44:09.603045 [info ] [Thread-2 (]: 61 of 68 SKIP test not_null_int__FCT_LOGS_RAW_ORIGIN_BASE_POINT ................ [[33mSKIP[0m]
[0m16:44:09.603242 [debug] [Thread-2 (]: Finished running node test.logistics_simulator_v2.not_null_int__FCT_LOGS_RAW_ORIGIN_BASE_POINT.c96703a235
[0m16:44:09.603401 [debug] [Thread-2 (]: Began running node test.logistics_simulator_v2.not_null_int__FCT_LOGS_RAW_SHIPMENT_ID.0b698726c4
[0m16:44:09.603550 [info ] [Thread-2 (]: 62 of 68 SKIP test not_null_int__FCT_LOGS_RAW_SHIPMENT_ID ...................... [[33mSKIP[0m]
[0m16:44:09.603712 [debug] [Thread-2 (]: Finished running node test.logistics_simulator_v2.not_null_int__FCT_LOGS_RAW_SHIPMENT_ID.0b698726c4
[0m16:44:09.603864 [debug] [Thread-2 (]: Began running node test.logistics_simulator_v2.unique_int__FCT_LOGS_RAW_SHIPMENT_ID.d67942d5ed
[0m16:44:09.603996 [debug] [Thread-5 (]: Marking all children of 'test.logistics_simulator_v2.not_null_int__FCT_LOGS_RAW_ORIGIN_BASE_POINT.c96703a235' to be skipped because of status 'skipped'. 
[0m16:44:09.604138 [info ] [Thread-2 (]: 63 of 68 SKIP test unique_int__FCT_LOGS_RAW_SHIPMENT_ID ........................ [[33mSKIP[0m]
[0m16:44:09.604287 [debug] [Thread-5 (]: Marking all children of 'test.logistics_simulator_v2.not_null_int__FCT_LOGS_RAW_SHIPMENT_ID.0b698726c4' to be skipped because of status 'skipped'. 
[0m16:44:09.604438 [debug] [Thread-2 (]: Finished running node test.logistics_simulator_v2.unique_int__FCT_LOGS_RAW_SHIPMENT_ID.d67942d5ed
[0m16:44:09.604597 [debug] [Thread-5 (]: Marking all children of 'test.logistics_simulator_v2.unique_int__FCT_LOGS_RAW_SHIPMENT_ID.d67942d5ed' to be skipped because of status 'skipped'. 
[0m16:44:09.604838 [debug] [Thread-2 (]: Began running node model.logistics_simulator_v2.int__FCT_AGG_LOGS
[0m16:44:09.605003 [info ] [Thread-2 (]: 64 of 68 SKIP relation PUBLIC_INTERMEDIATE.int__FCT_AGG_LOGS ................... [[33mSKIP[0m]
[0m16:44:09.605170 [debug] [Thread-2 (]: Finished running node model.logistics_simulator_v2.int__FCT_AGG_LOGS
[0m16:44:09.605319 [debug] [Thread-2 (]: Began running node model.logistics_simulator_v2.int__FCT_DEST_AGG
[0m16:44:09.605463 [info ] [Thread-2 (]: 65 of 68 SKIP relation PUBLIC_INTERMEDIATE.int__FCT_DEST_AGG ................... [[33mSKIP[0m]
[0m16:44:09.605603 [debug] [Thread-5 (]: Marking all children of 'model.logistics_simulator_v2.int__FCT_AGG_LOGS' to be skipped because of status 'skipped'. 
[0m16:44:09.605758 [debug] [Thread-2 (]: Finished running node model.logistics_simulator_v2.int__FCT_DEST_AGG
[0m16:44:09.606045 [debug] [Thread-2 (]: Began running node test.logistics_simulator_v2.accepted_values_int__FCT_AGG_LOGS_TRANSPORT_MODE__AIR__SEA__RAIL__ROAD.8ed4d38b70
[0m16:44:09.606174 [debug] [Thread-5 (]: Marking all children of 'model.logistics_simulator_v2.int__FCT_DEST_AGG' to be skipped because of status 'skipped'. 
[0m16:44:09.606331 [info ] [Thread-2 (]: 66 of 68 SKIP test accepted_values_int__FCT_AGG_LOGS_TRANSPORT_MODE__AIR__SEA__RAIL__ROAD  [[33mSKIP[0m]
[0m16:44:09.606525 [debug] [Thread-2 (]: Finished running node test.logistics_simulator_v2.accepted_values_int__FCT_AGG_LOGS_TRANSPORT_MODE__AIR__SEA__RAIL__ROAD.8ed4d38b70
[0m16:44:09.606678 [debug] [Thread-2 (]: Began running node test.logistics_simulator_v2.not_null_int__FCT_AGG_LOGS_DESTINATION_BASE_POINT.d81bb998d3
[0m16:44:09.606804 [debug] [Thread-5 (]: Marking all children of 'test.logistics_simulator_v2.accepted_values_int__FCT_AGG_LOGS_TRANSPORT_MODE__AIR__SEA__RAIL__ROAD.8ed4d38b70' to be skipped because of status 'skipped'. 
[0m16:44:09.606950 [info ] [Thread-2 (]: 67 of 68 SKIP test not_null_int__FCT_AGG_LOGS_DESTINATION_BASE_POINT ........... [[33mSKIP[0m]
[0m16:44:09.607144 [debug] [Thread-2 (]: Finished running node test.logistics_simulator_v2.not_null_int__FCT_AGG_LOGS_DESTINATION_BASE_POINT.d81bb998d3
[0m16:44:09.607294 [debug] [Thread-2 (]: Began running node test.logistics_simulator_v2.not_null_int__FCT_AGG_LOGS_ORIGIN_BASE_POINT.6a0072ba6f
[0m16:44:09.607421 [debug] [Thread-5 (]: Marking all children of 'test.logistics_simulator_v2.not_null_int__FCT_AGG_LOGS_DESTINATION_BASE_POINT.d81bb998d3' to be skipped because of status 'skipped'. 
[0m16:44:09.607590 [info ] [Thread-2 (]: 68 of 68 SKIP test not_null_int__FCT_AGG_LOGS_ORIGIN_BASE_POINT ................ [[33mSKIP[0m]
[0m16:44:09.607789 [debug] [Thread-2 (]: Finished running node test.logistics_simulator_v2.not_null_int__FCT_AGG_LOGS_ORIGIN_BASE_POINT.6a0072ba6f
[0m16:44:09.607926 [debug] [Thread-5 (]: Marking all children of 'test.logistics_simulator_v2.not_null_int__FCT_AGG_LOGS_ORIGIN_BASE_POINT.6a0072ba6f' to be skipped because of status 'skipped'. 
[0m16:44:09.608435 [debug] [MainThread]: Connection 'master' was properly closed.
[0m16:44:09.608577 [debug] [MainThread]: Connection 'seed.logistics_simulator_v2.MAIN_PORTS' was left open.
[0m16:44:09.608696 [debug] [MainThread]: On seed.logistics_simulator_v2.MAIN_PORTS: Close
[0m16:44:09.675044 [info ] [MainThread]: 
[0m16:44:09.675324 [info ] [MainThread]: Finished running 5 seeds, 2 table models, 51 data tests, 10 view models in 0 hours 0 minutes and 6.89 seconds (6.89s).
[0m16:44:09.676651 [debug] [MainThread]: Command end result
[0m16:44:09.704565 [debug] [MainThread]: Wrote artifact WritableManifest to /Users/uramasaharu/Documents/develop/gachi_dataengineer_pj/04_logistics_ver2/logistics_simulator/target/manifest.json
[0m16:44:09.706021 [debug] [MainThread]: Wrote artifact SemanticManifest to /Users/uramasaharu/Documents/develop/gachi_dataengineer_pj/04_logistics_ver2/logistics_simulator/target/semantic_manifest.json
[0m16:44:09.707216 [debug] [MainThread]: Wrote artifact OsiDocument to /Users/uramasaharu/Documents/develop/gachi_dataengineer_pj/04_logistics_ver2/logistics_simulator/target/osi_document.json
[0m16:44:09.710480 [debug] [MainThread]: Wrote artifact RunExecutionResult to /Users/uramasaharu/Documents/develop/gachi_dataengineer_pj/04_logistics_ver2/logistics_simulator/target/run_results.json
[0m16:44:09.710631 [info ] [MainThread]: 
[0m16:44:09.710799 [info ] [MainThread]: [31mCompleted with 6 errors, 0 partial successes, and 0 warnings:[0m
[0m16:44:09.710930 [info ] [MainThread]: 
[0m16:44:09.711086 [error] [MainThread]: [[31mERROR[0m]: in model stg_DEV_SEEDS__CO2_EMISSION (models/staging/stg_DEV_SEEDS__CO2_EMISSION.sql)
[0m16:44:09.711236 [error] [MainThread]:   Database Error in model stg_DEV_SEEDS__CO2_EMISSION (models/staging/stg_DEV_SEEDS__CO2_EMISSION.sql)
  002003 (02000): SQL compilation error:
  Schema 'DBT_LOGISTICS.DEV_SEEDS' does not exist or not authorized.
  compiled code at target/run/logistics_simulator_v2/models/staging/stg_DEV_SEEDS__CO2_EMISSION.sql
[0m16:44:09.711356 [info ] [MainThread]: 
[0m16:44:09.711489 [info ] [MainThread]:   compiled code at target/compiled/logistics_simulator_v2/models/staging/stg_DEV_SEEDS__CO2_EMISSION.sql
[0m16:44:09.711604 [info ] [MainThread]: 
[0m16:44:09.711739 [error] [MainThread]: [[31mERROR[0m]: in model stg_DEV_SEEDS__DIM_CARBON_TAX_RATES (models/staging/stg_DEV_SEEDS__DIM_CARBON_TAX_RATES.sql)
[0m16:44:09.711879 [error] [MainThread]:   Database Error in model stg_DEV_SEEDS__DIM_CARBON_TAX_RATES (models/staging/stg_DEV_SEEDS__DIM_CARBON_TAX_RATES.sql)
  002003 (02000): SQL compilation error:
  Schema 'DBT_LOGISTICS.DEV_SEEDS' does not exist or not authorized.
  compiled code at target/run/logistics_simulator_v2/models/staging/stg_DEV_SEEDS__DIM_CARBON_TAX_RATES.sql
[0m16:44:09.711990 [info ] [MainThread]: 
[0m16:44:09.712119 [info ] [MainThread]:   compiled code at target/compiled/logistics_simulator_v2/models/staging/stg_DEV_SEEDS__DIM_CARBON_TAX_RATES.sql
[0m16:44:09.712229 [info ] [MainThread]: 
[0m16:44:09.712362 [error] [MainThread]: [[31mERROR[0m]: in model stg_DEV_SEEDS__DIM_TRANSPORT_FUEL (models/staging/stg_DEV_SEEDS__DIM_TRANSPORT_FUEL.sql)
[0m16:44:09.712502 [error] [MainThread]:   Database Error in model stg_DEV_SEEDS__DIM_TRANSPORT_FUEL (models/staging/stg_DEV_SEEDS__DIM_TRANSPORT_FUEL.sql)
  002003 (02000): SQL compilation error:
  Schema 'DBT_LOGISTICS.DEV_SEEDS' does not exist or not authorized.
  compiled code at target/run/logistics_simulator_v2/models/staging/stg_DEV_SEEDS__DIM_TRANSPORT_FUEL.sql
[0m16:44:09.712611 [info ] [MainThread]: 
[0m16:44:09.712740 [info ] [MainThread]:   compiled code at target/compiled/logistics_simulator_v2/models/staging/stg_DEV_SEEDS__DIM_TRANSPORT_FUEL.sql
[0m16:44:09.712852 [info ] [MainThread]: 
[0m16:44:09.712984 [error] [MainThread]: [[31mERROR[0m]: in model stg_DEV_SEEDS__FCT_FUEL_PRICES (models/staging/stg_DEV_SEEDS__FCT_FUEL_PRICES.sql)
[0m16:44:09.713122 [error] [MainThread]:   Database Error in model stg_DEV_SEEDS__FCT_FUEL_PRICES (models/staging/stg_DEV_SEEDS__FCT_FUEL_PRICES.sql)
  002003 (02000): SQL compilation error:
  Schema 'DBT_LOGISTICS.DEV_SEEDS' does not exist or not authorized.
  compiled code at target/run/logistics_simulator_v2/models/staging/stg_DEV_SEEDS__FCT_FUEL_PRICES.sql
[0m16:44:09.713234 [info ] [MainThread]: 
[0m16:44:09.713361 [info ] [MainThread]:   compiled code at target/compiled/logistics_simulator_v2/models/staging/stg_DEV_SEEDS__FCT_FUEL_PRICES.sql
[0m16:44:09.713467 [info ] [MainThread]: 
[0m16:44:09.713595 [error] [MainThread]: [[31mERROR[0m]: in model stg_DEV_SEEDS__MAIN_PORTS (models/staging/stg_DEV_SEEDS__MAIN_PORTS.sql)
[0m16:44:09.713729 [error] [MainThread]:   Database Error in model stg_DEV_SEEDS__MAIN_PORTS (models/staging/stg_DEV_SEEDS__MAIN_PORTS.sql)
  002003 (02000): SQL compilation error:
  Schema 'DBT_LOGISTICS.DEV_SEEDS' does not exist or not authorized.
  compiled code at target/run/logistics_simulator_v2/models/staging/stg_DEV_SEEDS__MAIN_PORTS.sql
[0m16:44:09.713838 [info ] [MainThread]: 
[0m16:44:09.713964 [info ] [MainThread]:   compiled code at target/compiled/logistics_simulator_v2/models/staging/stg_DEV_SEEDS__MAIN_PORTS.sql
[0m16:44:09.714072 [info ] [MainThread]: 
[0m16:44:09.714204 [error] [MainThread]: [[31mERROR[0m]: in model stg_RAW__GLOBAL_SUPPLY_CHAIN_RISK_2024_2026 (models/staging/stg_RAW__GLOBAL_SUPPLY_CHAIN_RISK_2024_2026.sql)
[0m16:44:09.714339 [error] [MainThread]:   Database Error in model stg_RAW__GLOBAL_SUPPLY_CHAIN_RISK_2024_2026 (models/staging/stg_RAW__GLOBAL_SUPPLY_CHAIN_RISK_2024_2026.sql)
  002003 (02000): SQL compilation error:
  Schema 'DBT_LOGISTICS.RAW' does not exist or not authorized.
  compiled code at target/run/logistics_simulator_v2/models/staging/stg_RAW__GLOBAL_SUPPLY_CHAIN_RISK_2024_2026.sql
[0m16:44:09.714450 [info ] [MainThread]: 
[0m16:44:09.714578 [info ] [MainThread]:   compiled code at target/compiled/logistics_simulator_v2/models/staging/stg_RAW__GLOBAL_SUPPLY_CHAIN_RISK_2024_2026.sql
[0m16:44:09.714696 [info ] [MainThread]: 
[0m16:44:09.714825 [info ] [MainThread]: Done. PASS=5 WARN=0 ERROR=6 SKIP=57 NO-OP=0 REUSED=0 TOTAL=68
[0m16:44:09.717080 [debug] [MainThread]: Resource report: {"command_name": "build", "command_success": false, "command_wall_clock_time": 7.544096, "process_in_blocks": "0", "process_kernel_time": 0.281045, "process_mem_max_rss": "187154432", "process_out_blocks": "0", "process_user_time": 1.523717}
[0m16:44:09.717278 [debug] [MainThread]: Command `dbt build` failed at 16:44:09.717246 after 7.54 seconds
[0m16:44:09.717446 [debug] [MainThread]: Sending event: {'category': 'dbt', 'action': 'invocation', 'label': 'end', 'context': [<snowplow_tracker.self_describing_json.SelfDescribingJson object at 0x103082ea0>, <snowplow_tracker.self_describing_json.SelfDescribingJson object at 0x119b42780>, <snowplow_tracker.self_describing_json.SelfDescribingJson object at 0x106f0b950>]}
[0m16:44:09.717590 [debug] [MainThread]: Flushing usage events
[0m16:44:11.089130 [debug] [MainThread]: An error was encountered while trying to flush usage events
